Date,Timestamp,,Length (minutes),Fitness Discipline,Type,Title,Class Timestamp,Total Output,Avg. Watts,Avg. Resistance,Avg. Cadence (RPM),Avg. Speed (kph),Distance (km),Calories Burned,Avg. Heartrate,Avg. Incline,Avg. Pace (min/km)
2020-08-11,19:26,EDT),20,Cycling,Beginner,20 min Beginner Ride,2019-12-07 10:00 (EDT),94,78,34%,81,22.93,7.64,323,162.59,,
2020-08-13,20:23,EDT),20,Cycling,Beginner,20 min Beginner Ride,2019-11-13 16:16 (EDT),77,70,35%,74,22.08,6.97,242,144.35,,
2020-08-13,20:45,EDT),5,Cycling,Warm Up/Cool Down,5 min Cool Down Ride,2020-06-08 10:00 (EDT),19,62,29%,86,21.05,1.75,71,149.99,,
2020-08-13,20:52,EDT),5,Stretching,Pre & Post-Ride Stretch,5 min Post-Ride Stretch,2020-06-30 10:00 (EDT),,,,,,,60,136.52,,
2020-08-14,18:37,EDT),5,Cycling,Warm Up/Cool Down,5 min Warm Up Ride,2020-07-31 09:00 (EDT),21,71,36%,74,22.32,1.87,62,139.09,,
2020-08-14,18:44,EDT),20,Cycling,Low Impact,20 min Low Impact Ride,2019-11-21 05:22 (EDT),98,82,36%,77,23.82,7.93,340,167.97,,
2020-08-14,19:07,EDT),5,Stretching,Pre & Post-Ride Stretch,5 min Post-Ride Stretch,2020-07-11 04:45 (EDT),,,,,,,67,144.98,,
2020-08-18,19:22,EDT),30,Cycling,Music,30 min Pop Ride,2019-11-27 12:20 (EDT),146,83,39%,72,23.63,11.41,436,164.26,,
2020-08-18,19:54,EDT),5,Cycling,Warm Up/Cool Down,5 min Cool Down Ride,2020-08-16 10:45 (EDT),19,64,34%,72,21.03,1.74,69,148.82,,
2020-08-18,20:01,EDT),5,Stretching,Pre & Post-Ride Stretch,5 min Post-Ride Stretch,2020-07-23 04:25 (EDT),,,,,,,68,146.98,,
2020-08-20,19:57,EDT),5,Cycling,Warm Up/Cool Down,5 min Warm Up Ride,2020-07-20 09:00 (EDT),19,64,30%,83,21.16,1.75,47,119.95,,
2020-08-20,20:05,EDT),20,Cycling,Beginner,20 min Beginner Ride,2019-12-19 16:00 (EDT),82,79,39%,67,23.4,7.11,239,150.43,,
2020-08-20,20:27,EDT),5,Cycling,Warm Up/Cool Down,5 min Cool Down Ride,2020-08-12 09:00 (EDT),18,59,29%,86,20.7,1.72,56,130.7,,
2020-08-20,20:33,EDT),5,Stretching,Pre & Post-Ride Stretch,5 min Post-Ride Stretch,2020-08-14 09:00 (EDT),,,,,,,37,134.39,,
2020-08-26,19:54,EDT),15,Cycling,Music,15 min Pop Ride,2019-12-20 13:00 (EDT),75,85,39%,74,23.48,5.75,224,157.07,,
2020-08-28,21:24,EDT),5,Cycling,Warm Up/Cool Down,5 min Warm Up Ride,2020-08-25 07:30 (EDT),23,78,34%,83,23.38,1.95,53,127.42,,
2020-08-28,21:32,EDT),20,Cycling,Beginner,20 min Beginner Ride,2020-06-18 16:00 (EDT),105,88,36%,82,24.4,8.13,265,159.17,,
2020-08-28,21:54,EDT),5,Stretching,Pre & Post-Ride Stretch,5 min Post-Ride Stretch,2020-06-22 10:00 (EDT),,,,,,,59,134.77,,
2020-09-03,19:53,EDT),5,Cycling,Warm Up/Cool Down,5 min Warm Up Ride,2020-08-24 09:00 (EDT),22,74,33%,79,22.1,1.83,50,123.78,,
2020-09-03,20:00,EDT),20,Cycling,Beginner,20 min Beginner Ride,2020-08-17 01:30 (EDT),69,84,36%,77,23.95,6,215,160.27,,
2020-09-03,20:22,EDT),5,Stretching,Pre & Post-Ride Stretch,5 min Post-Ride Stretch,2020-08-23 10:35 (EDT),,,,,,,61,137.56,,
2020-09-06,12:45,EDT),20,Cycling,Music,20 min 90s Ride,2020-09-06 12:35 (EDT),97,81,37%,75,23.24,7.74,306,164.03,,
2020-09-06,13:08,EDT),5,Stretching,Pre & Post-Ride Stretch,5 min Post-Ride Stretch,2020-07-17 09:00 (EDT),,,,,,,66,143.45,,
2020-09-13,16:41,EDT),30,Cycling,Beginner,30 min Advanced Beginner Ride,2020-07-13 10:00 (EDT),150,83,36%,79,23.72,11.84,440,153.15,,
2020-09-13,17:14,EDT),10,Cycling,Warm Up/Cool Down,10 min Cool Down Ride,2020-09-05 07:05 (EDT),38,64,35%,71,21.44,3.56,145,152.47,,
2020-09-13,17:25,EDT),5,Stretching,Pre & Post-Ride Stretch,5 min Post-Ride Stretch,2020-07-23 04:25 (EDT),,,,,,,66,143.92,,
2020-09-14,19:30,EDT),30,Cycling,Intervals,30 min HIIT Ride,2020-09-14 19:19 (EDT),160,98,41%,73,25.46,11.57,417,164.42,,
2020-09-14,20:04,EDT),5,Stretching,Pre & Post-Ride Stretch,5 min Post-Ride Stretch,2020-09-14 09:00 (EDT),,,,,,,64,140.91,,
2020-09-26,14:48,EDT),30,Cycling,Beginner,30 min Advanced Beginner Ride,2020-09-24 02:00 (EDT),157,87,38%,75,24.38,12.18,478,161.15,,
2020-09-26,15:21,EDT),5,Stretching,Pre & Post-Ride Stretch,5 min Post-Ride Stretch,2020-09-19 10:45 (EDT),,,,,,,65,143.1,,
2020-09-29,18:19,EDT),5,Cycling,Warm Up/Cool Down,5 min Warm Up Ride,2019-09-13 13:40 (EDT),17,57,26%,95,20.29,1.69,49,122.31,,
2020-09-29,18:26,EDT),30,Cycling,Beginner,30 min Advanced Beginner Ride,2020-08-30 13:00 (EDT),137,76,35%,76,22.82,11.41,384,141.15,,
2020-09-29,18:59,EDT),5,Stretching,Pre & Post-Ride Stretch,5 min Post-Ride Stretch,2020-09-21 17:00 (EDT),,,,,,,56,130.98,,
2020-10-06,20:38,EDT),5,Cycling,Warm Up/Cool Down,5 min Prince Warm Up Ride,2020-08-12 19:20 (EDT),22,74,34%,78,21.69,1.82,44,115.36,,
2020-10-06,20:57,EDT),30,Cycling,Beginner,30 min Advanced Beginner Ride,2020-09-14 00:30 (EDT),174,97,39%,76,24.93,12.46,450,155.19,,
2020-10-06,21:33,EDT),5,Stretching,Pre & Post-Ride Stretch,5 min Post-Ride Stretch,2020-07-01 10:25 (EDT),,,,,,,73,153.56,,
2020-10-07,18:22,EDT),5,Cycling,Warm Up/Cool Down,5 min Warm Up Ride,2020-10-02 09:00 (EDT),20,66,30%,83,21.65,1.8,52,126,,
2020-10-07,18:32,EDT),30,Cycling,Beginner,30 min Advanced Beginner Ride,2020-07-08 09:00 (EDT),186,103,41%,72,25.88,12.92,464,158.24,,
2020-10-07,19:04,EDT),5,Cycling,Warm Up/Cool Down,5 min Cool Down Ride,2020-09-19 10:35 (EDT),17,58,32%,75,20.12,1.67,72,151.15,,
2020-10-07,19:11,EDT),5,Stretching,Pre & Post-Ride Stretch,5 min Post-Ride Stretch,2020-09-16 17:31 (EDT),,,,,,,73,152.71,,
2020-10-10,15:07,EDT),20,Cycling,Beginner,20 min Beginner Ride,2020-10-08 17:00 (EDT),115,96,40%,74,25.51,8.5,262,143.06,,
2020-10-10,15:29,EDT),10,Strength,Arms & Light Weights,10 min Arms Toning,2020-09-11 20:15 (EDT),,,,,,,172,169.24,,
2020-10-10,15:42,EDT),10,Cycling,Warm Up/Cool Down,10 min Cool Down Ride,2020-09-28 06:32 (EDT),53,88,40%,75,24.57,4.09,164,164.39,,
2020-10-10,15:54,EDT),5,Stretching,Pre & Post-Ride Stretch,5 min Post-Ride Stretch,2020-06-17 10:00 (EDT),,,,,,,68,147.03,,
2020-10-11,15:45,EDT),30,Cycling,Beginner,30 min Advanced Beginner Ride,2019-12-30 04:02 (EDT),193,107,41%,74,26.38,13.18,441,153.22,,
2020-10-11,16:19,EDT),5,Stretching,Pre & Post-Ride Stretch,5 min Post-Ride Stretch,2020-07-21 09:00 (EDT),,,,,,,59,135.01,,
2020-10-13,20:07,EDT),5,Cycling,Warm Up/Cool Down,5 min Warm Up Ride,2020-10-12 08:30 (EDT),31,104,40%,75,25.64,2.12,64,140.97,,
2020-10-13,20:13,EDT),20,Cycling,Music,20 min New Tracks Ride,2020-10-13 17:00 (EDT),133,111,39%,82,26.89,8.96,324,162.99,,
2020-10-13,20:35,EDT),5,Cycling,Warm Up/Cool Down,5 min Cool Down Ride,2020-10-12 08:30 (EDT),16,52,28%,86,19.42,1.61,63,140.49,,
2020-10-13,20:44,EDT),5,Stretching,Pre & Post-Ride Stretch,5 min Post-Ride Stretch,2020-07-19 04:45 (EDT),,,,,,,66,143.8,,
2020-10-14,18:36,EDT),20,Cycling,Music,20 min Hip Hop Ride,2020-10-14 05:52 (EDT),160,134,45%,77,28.95,9.64,315,160.2,,
2020-10-14,18:58,EDT),5,Cycling,Warm Up/Cool Down,5 min Cool Down Ride,2020-06-24 15:00 (EDT),17,57,28%,92,20.5,1.71,64,142.07,,
2020-10-14,19:04,EDT),5,Stretching,Pre & Post-Ride Stretch,5 min Post-Ride Stretch,2020-09-21 17:00 (EDT),,,,,,,63,140.36,,
2020-10-17,13:06,EDT),5,Cycling,Warm Up/Cool Down,5 min Warm Up Ride,2020-10-05 08:30 (EDT),23,78,31%,93,23.27,1.93,32,,,
2020-10-17,13:14,EDT),30,Cycling,Music,30 min Hip Hop Ride,2020-10-16 11:20 (EDT),206,115,41%,80,26.91,13.45,464,158.25,,
2020-10-17,13:46,EDT),5,Cycling,Warm Up/Cool Down,5 min Cool Down Ride,2020-09-11 09:00 (EDT),20,66,32%,81,21.52,1.79,68,146.54,,
2020-10-17,13:52,EDT),5,Stretching,Pre & Post-Ride Stretch,5 min Post-Ride Stretch,2020-06-30 10:00 (EDT),,,,,,,67,145.7,,
2020-10-19,18:32,EDT),5,Cycling,Warm Up/Cool Down,5 min Warm Up Ride,2020-09-08 01:00 (EDT),27,92,35%,85,25.17,2.08,52,126.23,,
2020-10-19,18:39,EDT),30,Cycling,Music,30 min Hip Hop Ride,2020-10-18 07:55 (EDT),200,111,43%,74,26.7,13.36,484,162.49,,
2020-10-19,19:11,EDT),10,Cycling,Warm Up/Cool Down,10 min Cool Down Ride,2020-09-04 08:36 (EDT),46,77,40%,69,23.03,3.85,143,150.43,,
2020-10-19,19:25,EDT),5,Stretching,Pre & Post-Ride Stretch,5 min Post-Ride Stretch,2020-10-14 09:00 (EDT),,,,,,,60,136.16,,
2020-10-23,19:23,EDT),5,Cycling,Warm Up/Cool Down,5 min Warm Up Ride,2020-07-02 04:00 (EDT),27,90,36%,82,24.27,2.01,49,121.15,,
2020-10-23,19:29,EDT),30,Cycling,Beginner,30 min Advanced Beginner Ride,2020-10-22 17:00 (EDT),199,110,41%,77,26.84,13.42,467,158.79,,
2020-10-23,20:00,EDT),5,Cycling,Warm Up/Cool Down,5 min Cool Down Ride,2020-09-17 09:00 (EDT),26,87,39%,73,24.28,2.01,79,160.14,,
2020-10-23,20:06,EDT),5,Stretching,Pre & Post-Ride Stretch,5 min Post-Ride Stretch,2020-10-19 08:30 (EDT),,,,,,,68,145.9,,
2020-10-25,19:52,EDT),5,Cycling,Warm Up/Cool Down,5 min Warm Up Ride,2020-07-19 04:00 (EDT),25,86,33%,85,23.87,1.98,41,103.51,,
2020-10-25,19:58,EDT),30,Cycling,Beginner,30 min Advanced Beginner Ride,2020-10-20 17:00 (EDT),219,122,46%,69,27.76,13.89,450,155.27,,
2020-10-25,20:30,EDT),5,Stretching,Pre & Post-Ride Stretch,5 min Post-Ride Stretch,2020-10-25 14:00 (EDT),,,,,,,66,143.29,,
2020-10-29,18:35,EDT),5,Cycling,Warm Up/Cool Down,5 min Warm Up Ride,2020-10-26 08:30 (EDT),44,148,46%,76,29.5,2.45,60,134.52,,
2020-10-29,18:41,EDT),30,Cycling,Beginner,30 min Advanced Beginner Ride,2020-10-12 05:50 (EDT),174,96,40%,72,25.48,12.75,424,149.62,,
2020-10-29,19:13,EDT),5,Stretching,Pre & Post-Ride Stretch,5 min Post-Ride Stretch,2020-10-28 09:00 (EDT),,,,,,,58,133.73,,
2020-11-01,13:59,EDT),5,Cycling,Warm Up/Cool Down,5 min Warm Up Ride,2020-10-29 08:30 (EDT),37,123,38%,88,27.86,2.35,55,128.74,,
2020-11-01,14:07,EDT),30,Cycling,Theme,30 min Halloween Ride,2020-10-31 09:30 (EDT),216,120,46%,70,27.87,13.94,489,163.59,,
2020-11-01,14:38,EDT),5,Cycling,Warm Up/Cool Down,5 min Cool Down Ride,2020-09-28 08:30 (EDT),26,85,40%,72,24.4,2.04,75,154,,
2020-11-01,14:45,EDT),5,Stretching,Pre & Post-Ride Stretch,5 min Post-Ride Stretch,2020-11-15 11:35 (EDT),,,,,,,69,147.91,,
2020-11-02,15:02,EDT),5,Cycling,Warm Up/Cool Down,5 min Warm Up Ride,2020-10-29 12:00 (EDT),35,117,36%,87,26.92,2.22,51,100.96,,
2020-11-02,15:10,EDT),20,Cycling,Music,20 min 90s Hip Hop Ride,2020-11-02 07:53 (EDT),153,128,39%,85,28.15,9.38,310,158.28,,
2020-11-02,15:31,EDT),5,Cycling,Warm Up/Cool Down,5 min Cool Down Ride,2020-10-08 09:00 (EDT),27,89,38%,77,24.54,2.06,66,143.49,,
2020-11-02,15:39,EDT),5,Stretching,Pre & Post-Ride Stretch,5 min Post-Ride Stretch,2020-10-26 08:30 (EDT),,,,,,,,,,
2020-11-04,19:10,EDT),20,Cycling,Low Impact,20 min Low Impact Ride,2020-11-04 07:54 (EDT),141,119,43%,75,27.62,9.14,268,145.65,,
2020-11-04,19:32,EDT),10,Cycling,Climb,10 min Climb Ride,2020-11-02 20:06 (EDT),94,157,53%,67,31.21,5.2,165,164.88,,
2020-11-04,19:44,EDT),0,Cycling,,12 sec Just Ride,,0,34,33%,55,16.03,0.05,2,139.19,,
2020-11-04,19:45,EDT),5,Stretching,Pre & Post-Ride Stretch,5 min Post-Ride Stretch,2020-08-02 04:45 (EDT),,,,,,,59,135.72,,
2020-11-08,14:03,EDT),5,Cycling,Warm Up/Cool Down,5 min Warm Up Ride,2020-11-08 10:45 (EDT),30,101,36%,86,25.8,2.14,50,124.29,,
2020-11-08,14:10,EDT),30,Cycling,Intervals,30 min Intervals Ride,2020-11-07 06:20 (EDT),221,123,44%,75,27.95,13.99,472,159.82,,
2020-11-08,14:43,EDT),5,Stretching,Pre & Post-Ride Stretch,5 min Post-Ride Stretch,2020-11-05 09:00 (EDT),,,,,,,63,139.09,,
2020-11-11,16:29,EDT),5,Cycling,Warm Up/Cool Down,5 min Warm Up Ride,2020-07-13 09:00 (EDT),22,73,29%,88,21.68,1.8,41,111.43,,
2020-11-11,16:35,EDT),30,Cycling,Music,30 min Hip Hop Ride,2020-11-07 09:26 (EDT),214,126,42%,80,28.49,13.12,423,165.71,,
2021-02-08,17:42,EDT),30,Cycling,Music,30 min EDM Ride,2021-02-08 13:24 (EDT),176,98,39%,76,25.43,12.71,432,144.7,,
2021-02-08,18:15,EDT),5,Cycling,Warm Up/Cool Down,5 min Cool Down Ride,2021-02-06 08:21 (EDT),18,59,33%,74,20.25,1.69,68,146.48,,
2021-02-08,18:21,EDT),5,Stretching,Pre & Post-Ride Stretch,5 min Post-Ride Stretch,2021-02-06 08:34 (EDT),,,,,,,70,150,,
2021-02-09,20:16,EDT),20,Cycling,Music,20 min New Tracks Ride,2021-02-09 17:00 (EDT),118,98,38%,80,25.59,8.53,309,156.83,,
2021-02-09,20:37,EDT),5,Cycling,Warm Up/Cool Down,5 min Cool Down Ride,2021-02-05 09:00 (EDT),22,74,38%,67,22.61,1.87,70,149.04,,
2021-02-11,20:46,EDT),30,Cycling,Beginner,30 min Advanced Beginner Ride,2021-02-04 17:00 (EDT),164,91,38%,76,24.77,12.39,469,154.84,,
2021-02-13,20:58,EDT),20,Cycling,Music,20 min 2010s Hip Hop Ride,2021-02-11 17:00 (EDT),131,109,40%,77,26.59,8.87,294,142.01,,
2021-02-13,21:20,EDT),5,Stretching,Pre & Post-Ride Stretch,5 min Post-Ride Stretch,2021-02-01 09:00 (EDT),,,,,,,68,145.88,,
2021-02-14,16:04,EDT),5,Cycling,Warm Up/Cool Down,5 min Warm Up Ride,2021-01-30 08:15 (EDT),20,66,30%,85,21.32,1.77,37,103.76,,
2021-02-14,16:10,EDT),30,Cycling,Music,30 min Hip Hop Ride,2021-01-21 01:55 (EDT),191,106,41%,74,26.39,13.21,504,166.7,,
2021-02-14,16:42,EDT),5,Cycling,Warm Up/Cool Down,5 min Cool Down Ride,2020-12-20 11:35 (EDT),18,59,34%,71,20.62,1.72,70,149.66,,
2021-02-14,16:49,EDT),5,Stretching,Pre & Post-Ride Stretch,5 min Post-Ride Stretch,2021-02-12 01:00 (EDT),,,,,,,37,147.72,,
2021-02-16,20:17,EDT),5,Cycling,Warm Up/Cool Down,5 min Warm Up Ride,2021-02-16 09:00 (EDT),28,95,37%,78,25.2,2.09,42,79.17,,
2021-02-16,20:24,EDT),30,Cycling,Music,30 min Pop Ride,2021-02-14 11:50 (EDT),173,96,36%,82,25.12,12.57,444,153.77,,
2021-02-16,20:56,EDT),5,Stretching,Pre & Post-Ride Stretch,5 min Post-Ride Stretch,2021-02-05 09:00 (EDT),,,,,,,56,131.81,,
2021-02-17,18:02,EDT),5,Cycling,Warm Up/Cool Down,5 min Warm Up Ride,2021-01-16 02:00 (EDT),23,78,30%,89,22.9,1.9,53,127.82,,
2021-02-17,18:08,EDT),10,Cycling,Climb,10 min Climb Ride,2021-02-11 02:32 (EDT),66,110,43%,71,26.81,4.47,140,148.42,,
2021-02-17,18:21,EDT),15,Cycling,Intervals,15 min HIIT Ride,2020-12-17 02:51 (EDT),105,116,41%,76,26.97,6.74,227,156.05,,
2021-02-19,20:32,EDT),30,Cycling,Live DJ,30 min Live DJ Ride,2021-02-19 17:24 (EDT),213,118,44%,73,27.71,13.87,428,146.9,,
2021-02-20,16:56,EDT),30,Cycling,Music,30 min Hip Hop Ride,2021-02-20 09:23 (EDT),205,114,41%,78,27.09,13.57,452,151.83,,
2021-02-21,17:52,EDT),5,Cycling,Warm Up/Cool Down,5 min Warm Up Ride,2021-01-06 01:00 (EDT),31,104,35%,90,26.12,2.16,52,126.71,,
2021-02-21,17:58,EDT),20,Cycling,Low Impact,20 min Low Impact Ride,2021-02-21 11:45 (EDT),129,107,40%,79,26.46,8.82,285,150.47,,
2021-02-21,18:19,EDT),5,Stretching,Pre & Post-Ride Stretch,5 min Post-Ride Stretch,2020-12-21 08:30 (EDT),,,,,,,57,132.21,,
2021-02-23,20:06,EDT),5,Cycling,Warm Up/Cool Down,5 min Warm Up Ride,2020-12-02 09:00 (EDT),22,74,30%,87,22.39,1.85,36,87.08,,
2021-02-23,20:12,EDT),20,Cycling,Music,20 min EDM Ride,2021-02-21 12:27 (EDT),142,118,40%,79,26.96,8.98,288,151.43,,
2021-02-24,20:11,EDT),5,Cycling,Warm Up/Cool Down,5 min Warm Up Ride,2021-02-24 09:00 (EDT),24,80,32%,88,23.53,1.95,33,,,
2021-02-24,20:17,EDT),45,Cycling,Music,45 min Hip Hop Ride,2021-02-20 13:23 (EDT),288,106,41%,76,26.41,19.81,641,154.54,,
2021-02-26,19:54,EDT),5,Cycling,Warm Up/Cool Down,5 min Warm Up Ride,2020-12-11 01:00 (EDT),26,86,37%,68,21.95,1.82,44,106.24,,
2021-02-26,20:00,EDT),30,Cycling,Music,30 min EDM Ride,2021-02-25 11:22 (EDT),206,114,41%,79,27.18,13.6,440,152.24,,
2021-02-27,20:28,EDT),5,Cycling,Warm Up/Cool Down,5 min Warm Up Ride,2020-12-22 08:30 (EDT),22,74,31%,88,22.68,1.88,26,69.11,,
2021-02-27,20:33,EDT),20,Cycling,Intervals,20 min HIIT Ride,2021-02-26 16:54 (EDT),144,120,42%,74,26.63,8.88,269,145.29,,
2021-02-27,20:54,EDT),5,Cycling,Warm Up/Cool Down,5 min Cool Down Ride,2021-02-24 09:00 (EDT),27,89,41%,67,24.14,2.01,60,136.34,,
2021-02-27,21:00,EDT),5,Stretching,Pre & Post-Ride Stretch,5 min Post-Ride Stretch,2021-02-26 09:00 (EDT),,,,,,,53,126.7,,
2021-02-28,13:10,EDT),20,Cycling,Low Impact,20 min Low Impact Ride,2021-02-25 17:00 (EDT),150,125,42%,79,28.39,9.48,269,141.61,,
2021-03-02,17:05,EDT),20,Cycling,Music,20 min Hip Hop Ride,2021-03-02 17:00 (EDT),162,135,42%,83,29.03,9.69,273,137.45,,
2021-03-02,17:28,EDT),5,Cycling,Warm Up/Cool Down,5 min Cool Down Ride,2021-02-26 01:25 (EDT),22,72,35%,76,22.14,1.82,58,133.74,,
2021-03-03,18:08,EDT),45,Cycling,Theme,45 min Sweat Steady Ride,2021-02-27 09:25 (EDT),314,116,43%,73,27.28,20.47,660,152.99,,
2021-03-05,19:46,EDT),5,Cycling,Warm Up/Cool Down,5 min Warm Up Ride,2021-03-04 09:00 (EDT),22,73,29%,90,22.29,1.85,30,40.5,,
2021-03-05,19:52,EDT),20,Cycling,Music,20 min Hip Hop Ride,2021-03-03 20:07 (EDT),165,137,43%,81,29.1,9.7,296,153.87,,
2021-03-05,20:13,EDT),5,Cycling,Warm Up/Cool Down,5 min Cool Down Ride,2021-03-04 09:00 (EDT),24,81,35%,78,23,1.9,60,137.04,,
2021-03-06,15:10,EDT),5,Cycling,Warm Up/Cool Down,5 min Warm Up Ride,2020-06-07 10:00 (EDT),22,79,34%,80,23.35,1.82,30,6.13,,
2021-03-06,15:18,EDT),20,Cycling,Music,20 min EDM Ride,2021-02-18 01:55 (EDT),160,133,44%,75,28.77,9.61,269,145.37,,
2021-03-07,12:35,EDT),5,Cycling,Warm Up/Cool Down,5 min Warm Up Ride,2021-03-01 01:00 (EDT),27,92,32%,95,25.03,2.08,41,38.64,,
2021-03-07,12:41,EDT),30,Cycling,Low Impact,30 min Low Impact Ride,2021-03-05 09:30 (EDT),229,127,43%,78,28.65,14.32,444,153.84,,
2021-03-07,13:13,EDT),5,Cycling,Theme,5 min Peloton All-Star Cool Down Ride,2020-05-30 13:00 (EDT),34,115,44%,71,27.33,2.29,75,154.93,,
2021-03-07,13:19,EDT),5,Stretching,Pre & Post-Ride Stretch,5 min Post-Ride Stretch,2021-01-18 09:00 (EDT),,,,,,,60,136.48,,
2021-03-09,17:18,-05),5,Cycling,Warm Up/Cool Down,5 min Warm Up Ride,2021-03-01 01:00 (-05),34,113,36%,87,26.88,2.24,51,96.77,,
2021-03-09,17:24,-05),20,Cycling,Music,20 min EDM Ride,2021-03-08 17:00 (-05),147,122,43%,76,27.83,9.29,284,150.05,,
2021-03-11,18:02,-05),5,Cycling,Warm Up/Cool Down,5 min Warm Up Ride,2020-02-05 15:50 (-05),29,96,34%,88,25.19,2.11,50,118.14,,
2021-03-11,18:10,-05),20,Cycling,Music,20 min Hip Hop Ride,2021-03-08 17:00 (-05),160,133,42%,82,28.84,9.62,307,157.42,,
2021-03-12,18:36,-05),20,Cycling,Low Impact,20 min Low Impact Ride,2021-03-04 02:22 (-05),150,125,42%,78,28,9.33,249,135.41,,
2021-03-13,21:42,-05),30,Cycling,Music,30 min EDM Ride,2021-03-13 13:00 (-05),241,137,47%,73,29.27,14.44,412,146.33,,
2021-03-14,13:49,-04),5,Cycling,Warm Up/Cool Down,5 min Warm Up Ride,2020-03-02 07:30 (-04),27,81,33%,80,23.14,2.06,37,12.55,,
2021-03-14,13:54,-04),15,Cycling,Music,15 min EDM Trap Ride,2021-02-20 13:41 (-04),123,136,45%,76,29.03,7.27,214,150.44,,
2021-03-14,14:11,-04),10,Cycling,Low Impact,10 min Low Impact Ride,2021-03-14 07:57 (-04),52,86,34%,84,24.16,4.02,122,137.09,,
2021-03-14,14:22,-04),10,Cycling,Warm Up/Cool Down,10 min Cool Down Ride,2021-03-11 03:32 (-04),50,84,38%,73,23.87,3.99,128,141.17,,
2021-03-14,14:34,-04),5,Stretching,Pre & Post-Ride Stretch,5 min Post-Ride Stretch,2021-03-09 15:13 (-04),,,,,,,15,,,
2021-03-17,19:05,-04),5,Cycling,Warm Up/Cool Down,5 min Warm Up Ride,2021-03-15 02:15 (-04),29,88,32%,88,24.04,2.09,41,44.89,,
2021-03-17,19:12,-04),20,Cycling,Music,20 min Classic Rock Ride,2021-03-15 17:00 (-04),151,126,41%,82,28.26,9.43,285,150.3,,
2021-03-18,20:08,-04),5,Cycling,Warm Up/Cool Down,5 min Warm Up Ride,2021-03-18 09:00 (-04),37,122,36%,94,28.07,2.33,54,92.18,,
2021-03-18,20:15,-04),20,Cycling,Music,20 min EDM Ride,2021-03-18 20:06 (-04),174,145,48%,73,29.98,9.99,310,158.3,,
2021-03-18,20:37,-04),5,Cycling,Warm Up/Cool Down,5 min Cool Down Ride,2021-03-16 02:00 (-04),28,93,40%,73,24.85,2.06,63,140.77,,
2021-03-18,20:42,-04),5,Stretching,Pre & Post-Ride Stretch,5 min Post-Ride Stretch,2021-03-16 02:10 (-04),,,,,,,56,131.67,,
2021-03-20,14:58,-04),30,Cycling,Theme,30 min The Jess King Experience,2021-01-28 20:49 (-04),251,139,45%,78,29.47,14.74,464,158.16,,
2021-03-20,15:30,-04),5,Stretching,Pre & Post-Ride Stretch,5 min Post-Ride Stretch,2021-02-26 02:35 (-04),,,,,,,55,130.91,,
2021-03-21,17:59,-04),5,Cycling,Warm Up/Cool Down,5 min Warm Up Ride,2021-03-01 02:00 (-04),37,123,38%,88,27.95,2.33,53,109.14,,
2021-03-21,18:05,-04),10,Cycling,Climb,10 min Climb Ride,2021-03-19 09:30 (-04),100,166,54%,65,31.9,5.33,161,161.79,,
2021-03-21,18:15,-04),10,Cycling,Low Impact,10 min Low Impact Ride,2021-03-19 20:06 (-04),63,105,42%,73,26.59,4.44,130,142.41,,
2021-03-22,17:57,-04),20,Cycling,Music,20 min Hip Hop Ride,2021-03-22 17:00 (-04),165,137,40%,88,29.15,9.72,282,145.89,,
2021-03-24,19:17,-04),30,Cycling,Music,30 min EDM Ride,2021-03-22 14:25 (-04),225,125,43%,78,28.1,14.07,469,159.27,,
2021-03-26,15:44,-04),20,Cycling,Music,20 min EDM Ride,2021-03-24 11:20 (-04),169,141,45%,77,29.42,9.82,321,155.05,,
2021-03-26,16:05,-04),5,Cycling,Warm Up/Cool Down,5 min Cool Down Ride,2021-03-18 09:00 (-04),29,98,43%,69,25.78,2.12,62,139.88,,
2021-03-27,17:01,-04),30,Cycling,Intervals,30 min HIIT & Hills Ride,2021-03-25 02:55 (-04),232,129,42%,79,28.2,14.1,391,138.6,,
2021-03-27,17:33,-04),5,Stretching,Pre & Post-Ride Stretch,5 min Post-Ride Stretch,2021-01-13 02:15 (-04),,,,,,,50,124.88,,
2021-03-28,18:37,-04),20,Cycling,Low Impact,20 min Low Impact Ride,2021-03-25 17:00 (-04),148,125,40%,85,28.26,9.29,242,135.81,,
2021-03-28,18:57,-04),5,Cycling,Warm Up/Cool Down,5 min Cool Down Ride,2021-03-09 15:02 (-04),29,98,40%,73,25.8,2.12,59,136.34,,
2021-03-30,18:08,-04),30,Cycling,Music,30 min Hip Hop Ride,2021-03-29 13:25 (-04),249,139,45%,77,29.34,14.68,471,156.53,,
2021-03-30,18:39,-04),5,Stretching,Pre & Post-Ride Stretch,5 min Post-Ride Stretch,2021-03-29 01:45 (-04),,,,,,,62,139.46,,
2021-04-01,19:24,-04),20,Cycling,Music,20 min 80s Ride,2021-04-01 01:55 (-04),166,138,47%,73,29.21,9.74,300,130,,
2021-04-02,13:34,-04),20,Cycling,Music,20 min House Ride,2021-04-01 17:35 (-04),175,146,45%,79,29.93,9.99,328,157.19,,
2021-04-02,13:56,-04),5,Cycling,Warm Up/Cool Down,5 min Cool Down Ride,2021-02-16 10:00 (-04),25,83,36%,79,24.03,1.98,66,145.27,,
2021-04-02,14:01,-04),5,Stretching,Pre & Post-Ride Stretch,5 min Post-Ride Stretch,2021-01-11 10:00 (-04),,,,,,,63,140.71,,
2021-04-03,19:48,-04),30,Cycling,Music,30 min EDM Trap Ride,2021-04-03 14:00 (-04),250,139,45%,75,29.39,14.71,451,154.54,,
2021-04-05,14:09,-04),30,Cycling,Music,30 min House Ride,2021-03-31 11:20 (-04),237,132,43%,80,28.76,14.39,425,149.9,,
2021-04-07,20:17,-04),5,Cycling,Warm Up/Cool Down,5 min Warm Up Ride,2021-04-06 09:00 (-04),28,95,35%,86,25.17,2.09,42,113.11,,
2021-04-07,20:24,-04),20,Cycling,Music,20 min EDM Ride,2021-04-06 09:22 (-04),163,136,46%,73,29.1,9.7,268,145.11,,
2021-04-07,20:47,-04),5,Stretching,Pre & Post-Ride Stretch,5 min Post-Ride Stretch,2021-04-06 09:00 (-04),,,,,,,47,119,,
2021-04-09,20:30,-04),30,Cycling,Theme,30 min Sweat Steady Ride,2021-04-03 10:18 (-04),236,131,43%,80,28.87,14.44,463,157.87,,
2021-04-09,21:03,-04),5,Stretching,Pre & Post-Ride Stretch,5 min Post-Ride Stretch,2021-04-09 09:00 (-04),,,,,,,61,138.22,,
2021-04-10,13:40,-04),5,Cycling,Warm Up/Cool Down,5 min AT's Ride to Greatness: Warm Up,2021-04-10 10:00 (-04),34,102,38%,76,25.51,2.25,54,128.32,,
2021-04-10,13:45,-04),20,Cycling,Music,20 min 90s Hip Hop Ride,2021-04-09 17:33 (-04),152,127,42%,79,28.4,9.46,297,154.25,,
2021-04-10,14:05,-04),5,Cycling,Warm Up/Cool Down,5 min AT's Ride to Greatness: Cool Down,2021-04-10 10:00 (-04),26,87,43%,65,24.41,2.03,62,138.77,,
2021-04-10,14:11,-04),5,Stretching,Pre & Post-Ride Stretch,5 min Post-Ride Stretch,2021-04-06 01:45 (-04),,,,,,,53,127.04,,
2021-04-11,20:36,-04),5,Cycling,Warm Up/Cool Down,5 min Warm Up Ride,2021-04-11 01:00 (-04),38,114,34%,92,26.55,2.37,55,124.47,,
2021-04-11,20:41,-04),20,Cycling,Theme,20 min Feel Good Ride,2021-04-11 11:50 (-04),171,143,44%,78,29.58,9.87,316,160.33,,
2021-04-11,21:02,-04),5,Cycling,Warm Up/Cool Down,5 min Cool Down Ride,2021-04-06 09:00 (-04),27,91,37%,81,24.96,2.08,68,146.15,,
2021-04-11,21:08,-04),5,Stretching,Pre & Post-Ride Stretch,5 min Post-Ride Stretch,2021-04-08 09:00 (-04),,,,,,,58,134.36,,
2021-04-14,18:56,-04),5,Cycling,Warm Up/Cool Down,5 min Warm Up Ride,2021-04-13 09:00 (-04),35,87,33%,78,22.45,2.29,57,107.46,,
2021-04-14,19:03,-04),20,Cycling,Music,20 min Hip Hop Ride,2021-04-13 16:48 (-04),148,123,42%,78,27.75,9.25,313,159.35,,
2021-04-15,20:25,-04),20,Cycling,Climb,20 min Climb Ride,2021-04-12 11:22 (-04),162,135,40%,85,28.9,9.64,291,149.76,,
2021-04-15,20:46,-04),5,Cycling,Warm Up/Cool Down,5 min Cool Down Ride,2021-03-29 01:35 (-04),22,73,37%,71,22.37,1.87,61,138.35,,
2021-04-17,16:51,-04),30,Cycling,Music,30 min EDM Ride,2021-04-16 08:54 (-04),261,145,49%,71,29.92,14.97,455,156.18,,
2021-04-17,17:23,-04),5,Stretching,Pre & Post-Ride Stretch,5 min Post-Ride Stretch,2021-04-13 09:00 (-04),,,,,,,51,124.35,,
2021-04-19,20:35,-04),30,Cycling,Low Impact,30 min Low Impact Ride,2021-04-19 09:00 (-04),224,125,42%,79,28.44,14.23,393,141,,
2021-04-20,17:50,-04),5,Cycling,Warm Up/Cool Down,5 min Warm Up Ride,2021-04-06 09:00 (-04),32,106,37%,85,26.55,2.2,49,122.07,,
2021-04-20,17:57,-04),20,Cycling,Music,20 min House Ride,2021-04-19 17:00 (-04),176,147,50%,69,30.13,10.04,303,156.13,,
2021-04-22,19:43,-04),30,Cycling,Theme,30 min Sweat Steady Ride,2021-04-18 13:25 (-04),252,140,44%,79,29.71,14.85,450,153.04,,
2021-04-22,20:15,-04),5,Stretching,Pre & Post-Ride Stretch,5 min Post-Ride Stretch,2021-04-12 01:00 (-04),,,,,,,58,134.42,,
2021-04-24,15:49,-04),60,Cycling,Music,60 min EDM Ride,2020-12-05 07:24 (-04),448,124,43%,76,27.99,27.99,935,158.07,,
2021-04-24,16:51,-04),5,Cycling,Warm Up/Cool Down,5 min Cool Down Ride,2021-04-12 01:00 (-04),21,72,36%,71,22.16,1.83,63,140.91,,
2021-04-24,16:56,-04),5,Stretching,Pre & Post-Ride Stretch,5 min Post-Ride Stretch,2020-12-20 13:00 (-04),,,,,,,60,137.47,,
2021-04-25,18:27,-04),5,Cycling,Warm Up/Cool Down,5 min Warm Up Ride,2021-04-23 09:00 (-04),31,84,32%,82,23.14,2.19,51,124.6,,
2021-04-25,18:34,-04),30,Cycling,Music,30 min Hip Hop Ride,2021-04-24 10:22 (-04),242,135,43%,79,28.89,14.45,432,151.31,,
2021-04-28,19:04,-04),30,Cycling,Music,30 min Hip Hop Ride,2021-04-22 02:24 (-04),240,133,44%,76,28.95,14.48,407,146.1,,
2021-04-29,18:57,-04),30,Cycling,Theme,30 min Turn It Up,2021-04-26 13:24 (-04),226,126,45%,73,28.13,14.07,419,148.5,,
2021-04-30,20:45,-04),5,Cycling,Warm Up/Cool Down,5 min AT's Ride to Greatness: Warm Up,2021-04-30 09:00 (-04),25,70,29%,87,21.9,1.96,45,102.24,,
2021-04-30,20:50,-04),20,Cycling,Music,20 min Pop Ride,2021-04-28 11:21 (-04),163,136,45%,77,29.16,9.72,291,152.39,,
2021-04-30,21:11,-04),5,Cycling,Warm Up/Cool Down,5 min Cool Down Ride,2021-04-29 09:00 (-04),30,100,38%,80,25.99,2.14,62,139.42,,
2021-05-01,17:29,-04),30,Cycling,Theme,30 min Sweat Steady Ride,2021-05-01 10:55 (-04),237,132,43%,79,29.03,14.52,423,144.68,,
2021-05-01,18:02,-04),5,Stretching,Pre & Post-Ride Stretch,5 min Post-Ride Stretch,2020-12-11 02:45 (-04),,,,,,,54,129.83,,
2021-05-02,14:39,-04),30,Cycling,Music,30 min EDM Ride,2021-05-02 05:54 (-04),235,130,45%,72,28.69,14.36,472,159.81,,
2021-05-02,15:12,-04),5,Stretching,Pre & Post-Ride Stretch,5 min Post-Ride Stretch,2020-06-15 10:00 (-04),,,,,,,56,131.88,,
2021-05-04,19:19,-04),5,Cycling,Warm Up/Cool Down,5 min AT's Ride to Greatness: Warm Up,2021-04-30 09:00 (-04),37,121,41%,77,27.68,2.32,57,132.38,,
2021-05-04,19:24,-04),20,Cycling,Music,20 min EDM Ride,2021-05-03 11:53 (-04),160,133,47%,70,28.82,9.62,295,153.67,,
2021-05-04,19:45,-04),5,Cycling,Warm Up/Cool Down,5 min AT's Ride to Greatness: Cool Down,2021-05-01 10:45 (-04),25,83,38%,71,23.95,1.96,63,141.13,,
2021-05-04,19:50,-04),5,Stretching,Pre & Post-Ride Stretch,5 min Post-Ride Stretch,2021-05-04 09:00 (-04),,,,,,,53,127.31,,
2021-05-06,19:44,-04),45,Cycling,Music,45 min Hip Hop Ride,2021-05-03 13:25 (-04),371,137,45%,76,29.21,21.9,703,159,,
2021-05-08,16:50,-04),30,Cycling,Music,30 min House Ride,2021-05-07 11:24 (-04),257,143,46%,76,29.95,14.98,431,150.99,,
2021-05-08,17:23,-04),5,Stretching,Pre & Post-Ride Stretch,5 min Post-Ride Stretch,2020-12-16 10:00 (-04),,,,,,,56,131.57,,
2021-05-09,15:04,-04),45,Cycling,Theme,45 min Sweat Steady Ride,2021-05-08 10:22 (-04),366,135,44%,78,29.31,21.98,708,159.89,,
2021-05-11,18:32,-04),30,Cycling,Theme,30 min AT's Ride to Greatness,2021-05-08 13:20 (-04),265,147,45%,79,30.26,15.13,439,149.94,,
2021-05-12,18:39,-04),5,Cycling,Warm Up/Cool Down,5 min Warm Up Ride,2021-05-06 09:00 (-04),34,112,36%,88,27,2.25,46,,,
2021-05-12,18:46,-04),20,Cycling,Music,20 min EDM Ride,2021-05-05 11:59 (-04),162,135,45%,76,29.19,9.74,224,,,
2021-05-12,19:07,-04),5,Cycling,Warm Up/Cool Down,5 min Cool Down Ride,2021-05-12 01:35 (-04),25,83,37%,73,23.96,2,34,,,
2021-05-12,19:13,-04),5,Stretching,Pre & Post-Ride Stretch,5 min Post-Ride Stretch,2021-05-12 01:40 (-04),,,,,,,15,,,
2021-05-13,18:10,-04),5,Cycling,Warm Up/Cool Down,5 min Warm Up Ride,2021-05-07 01:00 (-04),32,107,34%,94,26.68,2.22,47,119.95,,
2021-05-13,18:15,-04),45,Cycling,Theme,45 min Club Bangers Ride,2021-05-10 19:22 (-04),327,121,43%,77,27.99,21,652,151.8,,
2021-05-13,19:03,-04),5,Stretching,Pre & Post-Ride Stretch,5 min Post-Ride Stretch,2021-05-13 10:10 (-04),,,,,,,46,117.93,,
2021-05-15,18:40,-04),5,Cycling,Warm Up/Cool Down,5 min Warm Up Ride,2021-04-25 01:00 (-04),37,125,38%,88,28.32,2.35,50,120.57,,
2021-05-15,18:45,-04),30,Cycling,Theme,30 min Sweat Steady Ride,2021-05-15 10:24 (-04),260,145,45%,77,30.16,15.1,451,155.29,,
2021-05-15,19:17,-04),15,Cycling,Music,15 min Pop Ride,2021-05-15 11:10 (-04),122,135,43%,80,29.05,7.27,234,159.11,,
2021-05-15,19:34,-04),5,Stretching,Pre & Post-Ride Stretch,5 min Post-Ride Stretch,2021-05-14 09:00 (-04),,,,,,,55,129.71,,
2021-05-16,16:56,-04),5,Cycling,Warm Up/Cool Down,5 min Warm Up Ride,2021-04-26 09:00 (-04),29,96,34%,88,25.51,2.12,42,112.9,,
2021-05-16,17:01,-04),45,Cycling,Music,45 min EDM Ride,2021-03-06 07:55 (-04),383,142,46%,74,29.64,22.24,660,153.08,,
2021-05-19,17:45,-04),20,Cycling,Music,20 min Hip Hop Ride,2021-05-19 11:24 (-04),178,148,44%,81,30.18,10.07,248,120.2,,
2021-05-19,18:06,-04),20,Cycling,Music,20 min House Ride,2021-05-19 11:59 (-04),163,136,46%,75,29.29,9.77,268,144.91,,
2021-05-19,18:28,-04),5,Stretching,Pre & Post-Ride Stretch,5 min Post-Ride Stretch,2021-05-10 09:00 (-04),,,,,,,44,116.02,,
2021-05-22,17:29,-04),5,Cycling,Warm Up/Cool Down,5 min AT's Ride to Greatness: Warm Up,2021-05-22 10:00 (-04),39,87,37%,53,20.13,2.4,63,129.7,,
2021-05-22,17:34,-04),45,Cycling,Music,45 min EDM Ride,2021-05-22 10:23 (-04),318,118,42%,77,27.36,20.52,657,152.56,,
2021-05-22,18:20,-04),5,Cycling,Warm Up/Cool Down,5 min AT's Ride to Greatness: Cool Down,2021-05-22 10:00 (-04),26,87,42%,67,24.38,2.03,63,140.18,,
2021-05-22,18:27,-04),5,Stretching,Pre & Post-Ride Stretch,5 min Post-Ride Stretch,2021-05-20 01:35 (-04),,,,,,,50,123.9,,
2021-05-23,18:11,-04),5,Cycling,Warm Up/Cool Down,5 min Warm Up Ride,2020-02-07 15:03 (-04),31,102,36%,86,26.15,2.17,45,116.96,,
2021-05-23,18:16,-04),30,Cycling,Music,30 min Hip Hop Ride,2021-05-17 19:22 (-04),241,134,43%,82,29.03,14.53,403,145.17,,
2021-05-23,18:46,-04),10,Cycling,Warm Up/Cool Down,10 min Cool Down Ride,2021-01-30 15:05 (-04),60,100,43%,69,25.85,4.31,123,137.47,,
2021-05-24,16:45,-04),60,Cycling,Theme,60 min Feel Good Ride,2021-05-23 11:50 (-04),489,136,43%,82,29.24,29.24,870,151.97,,
2021-05-24,17:47,-04),5,Cycling,Warm Up/Cool Down,5 min Cool Down Ride,2021-05-20 01:25 (-04),21,69,35%,70,19.91,1.66,52,126.79,,
2021-05-24,17:54,-04),5,Stretching,Pre & Post-Ride Stretch,5 min Post-Ride Stretch,2021-05-21 09:00 (-04),,,,,,,15,,,
2021-05-28,19:55,-04),5,Cycling,Warm Up/Cool Down,5 min Warm Up Ride,2021-05-24 01:00 (-04),35,116,34%,94,27.21,2.27,48,36.31,,
2021-05-28,20:00,-04),20,Cycling,Music,20 min EDM Trap Ride,2021-05-24 17:00 (-04),166,138,44%,79,29.42,9.82,307,157.23,,
2021-05-29,15:54,-04),30,Cycling,Theme,30 min Club Bangers Ride,2021-05-24 19:21 (-04),226,125,41%,81,28.36,14.19,430,147.47,,
2021-05-29,16:26,-04),5,Stretching,Pre & Post-Ride Stretch,5 min Post-Ride Stretch,2021-05-26 09:00 (-04),,,,,,,48,121.44,,
2021-05-31,17:47,-04),5,Cycling,Warm Up/Cool Down,5 min Warm Up Ride,2021-04-22 09:00 (-04),35,106,38%,80,26.33,2.3,49,71.77,,
2021-05-31,17:52,-04),20,Cycling,Music,20 min Hip Hop Ride,2021-05-21 17:34 (-04),174,145,44%,81,29.98,9.99,293,152.95,,
2021-05-31,18:13,-04),10,Cycling,Low Impact,10 min Low Impact Ride,2021-05-06 17:00 (-04),66,109,39%,80,26.59,4.44,132,143.21,,
2021-06-01,19:08,-04),30,Cycling,Music,30 min EDM Ride,2021-06-01 13:25 (-04),278,155,48%,75,30.71,15.35,438,144.42,,
2021-06-01,19:41,-04),5,Stretching,Pre & Post-Ride Stretch,5 min Post-Ride Stretch,2021-06-01 09:00 (-04),,,,,,,45,117.83,,
2021-06-03,20:20,-04),30,Cycling,Music,30 min EDM Ride,2021-06-02 11:25 (-04),281,156,43%,74,31,15.51,457,156.65,,
2021-06-06,19:05,-04),30,Cycling,Live DJ,30 min Live DJ Ride,2021-06-04 16:52 (-04),263,146,40%,77,30.18,15.1,433,151.21,,
2021-06-07,18:46,-04),45,Cycling,Music,45 min EDM Ride,2021-01-16 12:53 (-04),402,149,43%,70,30.29,22.72,700,157.66,,
2021-06-07,19:33,-04),5,Stretching,Pre & Post-Ride Stretch,5 min Post Ride Stretch,2021-06-04 04:15 (-04),,,,,,,53,126.86,,
2021-06-10,18:12,-04),45,Cycling,Theme,45 min Sweat Steady Ride,2021-06-05 10:24 (-04),387,143,42%,71,29.93,22.47,655,152.3,,
2021-06-12,18:29,-04),5,Cycling,Warm Up/Cool Down,5 min Warm Up Ride,2021-06-09 01:00 (-04),43,143,32%,94,30.06,2.49,55,130.04,,
2021-06-12,18:34,-04),30,Cycling,Intervals,30 min Intervals Ride,2021-06-12 04:25 (-04),283,157,39%,80,31.09,15.55,448,154.86,,
2021-06-12,19:05,-04),5,Cycling,Warm Up/Cool Down,5 min AT's Ride to Greatness: Cool Down,2021-06-12 13:54 (-04),36,119,39%,72,27.99,2.33,74,153.29,,
2021-06-14,21:02,-04),5,Cycling,Warm Up/Cool Down,5 min AT's Ride to Greatness: Warm Up,2021-06-12 10:00 (-04),43,143,34%,89,30.01,2.49,62,113.67,,
2021-06-14,21:07,-04),30,Cycling,Music,30 min Drum & Bass Ride,2021-06-14 13:25 (-04),271,151,39%,78,30.46,15.24,466,158.52,,
2021-06-14,21:39,-04),5,Cycling,Warm Up/Cool Down,5 min Cool Down Ride,2021-05-25 09:00 (-04),30,100,40%,61,25.96,2.16,60,135.79,,
2021-06-19,16:25,-04),5,Cycling,Warm Up/Cool Down,5 min Warm Up Ride,2021-06-16 01:00 (-04),39,131,33%,86,29.02,2.41,50,123.45,,
2021-06-19,16:31,-04),30,Cycling,Theme,30 min Feel Good Ride,2021-06-13 11:52 (-04),253,141,43%,68,29.76,14.89,423,149.4,,
2021-06-20,18:12,-04),30,Cycling,Theme,30 min Father's Day Ride,2021-06-20 07:55 (-04),266,148,43%,71,30.32,15.18,462,157.68,,
2021-06-20,18:43,-04),5,Cycling,Warm Up/Cool Down,5 min Cool Down Ride,2021-04-06 01:35 (-04),29,97,36%,69,25.73,2.14,63,139.77,,
2021-06-22,17:20,-04),30,Cycling,Music,30 min EDM Ride,2021-06-21 10:30 (-04),276,153,43%,71,30.75,15.39,436,152.19,,
2021-06-26,15:01,-04),5,Cycling,Warm Up/Cool Down,5 min Warm Up Ride,2021-06-10 00:55 (-04),38,99,27%,85,25.03,2.38,61,127.01,,
2021-06-26,15:06,-04),30,Cycling,Theme,30 min The Jess King Experience,2021-01-14 20:47 (-04),250,139,45%,64,29.37,14.69,484,162.39,,
2021-06-26,15:37,-04),5,Cycling,Warm Up/Cool Down,5 min Cool Down Ride,2020-12-30 10:00 (-04),29,97,31%,80,25.3,2.11,68,146.53,,
2021-06-27,12:22,-04),45,Cycling,Theme,45 min Sweat Steady Ride,2021-06-26 10:23 (-04),355,132,41%,70,28.95,21.71,723,161.97,,
2021-06-27,13:11,-04),5,Stretching,Pre & Post-Ride Stretch,5 min Post-Ride Stretch,2021-06-21 01:35 (-04),,,,,,,59,135.33,,
2021-06-28,20:45,-04),5,Cycling,Warm Up/Cool Down,5 min Warm Up Ride,2021-06-08 11:55 (-04),38,116,30%,89,27.21,2.37,54,127.74,,
2021-06-28,20:50,-04),30,Cycling,Theme,30 min Club Bangers Ride,2021-06-26 13:22 (-04),267,148,38%,81,30.37,15.19,477,160.48,,
2021-06-28,21:20,-04),5,Cycling,Warm Up/Cool Down,5 min Cool Down Ride,2021-06-23 09:00 (-04),33,109,35%,74,26.84,2.24,72,151.22,,
2021-06-30,18:22,-04),45,Cycling,Music,45 min Hip Hop Ride,2021-06-28 19:25 (-04),388,144,41%,72,29.92,22.45,666,153.45,,
2021-07-01,16:18,-04),5,Cycling,Warm Up/Cool Down,5 min Warm Up Ride,2021-06-30 09:00 (-04),42,141,35%,83,29.77,2.46,56,117.61,,
2021-07-01,16:24,-04),30,Cycling,Music,30 min AFO Ride: Gorgon City,2021-07-01 12:00 (-04),241,134,39%,73,28.66,14.34,405,145.21,,
2021-07-01,16:54,-04),5,Cycling,Warm Up/Cool Down,5 min Cool Down Ride,2021-06-30 09:00 (-04),34,115,37%,72,27.42,2.29,62,139.11,,
2021-07-04,20:37,-04),5,Cycling,Warm Up/Cool Down,5 min AFO Warm Up Ride: Imagine Dragons,2021-07-02 08:00 (-04),42,136,34%,85,29.06,2.45,52,124.42,,
2021-07-04,20:42,-04),30,Cycling,Music,30 min AFO Ride: Migos,2021-07-02 17:51 (-04),270,150,43%,71,30.51,15.26,455,155.79,,
2021-07-04,21:12,-04),10,Cycling,Warm Up/Cool Down,10 min AFO Cool Down Ride: Jessie Ware,2021-07-01 12:00 (-04),63,104,34%,75,26.12,4.36,135,145.16,,
2021-07-06,17:48,-04),10,Cycling,Warm Up/Cool Down,10 min AFO Warm Up Ride: Nas,2021-07-03 08:00 (-04),98,164,35%,92,31.66,5.28,138,147.13,,
2021-07-06,17:59,-04),15,Cycling,Music,15 min AFO Ride: Nas,2021-07-03 08:00 (-04),136,150,39%,79,30.43,7.61,234,158.57,,
2021-07-06,18:15,-04),5,Cycling,Warm Up/Cool Down,5 min AFO Cool Down Ride: Tina Turner,2021-07-03 08:00 (-04),30,100,37%,67,25.94,2.14,62,139.66,,
2021-07-10,17:57,-04),5,Cycling,Warm Up/Cool Down,5 min Warm Up Ride,2021-07-09 09:00 (-04),36,122,33%,83,28.12,2.33,53,126.96,,
2021-07-10,18:02,-04),30,Cycling,Music,30 min EDM Ride,2021-07-09 08:55 (-04),249,138,42%,70,29.35,14.69,439,152.31,,
2021-07-10,18:34,-04),5,Cycling,Warm Up/Cool Down,5 min Cool Down Ride,2021-07-09 17:15 (-04),24,79,29%,76,23.21,1.93,56,131.56,,
2021-07-12,19:12,-04),5,Cycling,Warm Up/Cool Down,5 min Warm Up Ride,2021-07-08 09:00 (-04),35,114,32%,79,27.09,2.29,49,104.57,,
2021-07-12,19:18,-04),30,Cycling,Music,30 min House Ride,2021-07-07 11:22 (-04),271,150,40%,79,30.34,15.18,486,162.34,,
2021-07-12,19:48,-04),5,Cycling,Warm Up/Cool Down,5 min Cool Down Ride,2021-07-09 09:00 (-04),27,91,38%,60,24.22,2.03,71,150.01,,
2021-07-12,19:55,-04),5,Stretching,Pre & Post-Ride Stretch,5 min Post-Ride Stretch,2021-07-08 09:00 (-04),,,,,,,58,134.12,,
2021-07-13,18:49,-04),30,Cycling,Music,30 min New Tracks Ride,2021-07-12 19:22 (-04),262,145,42%,71,29.87,14.93,412,146.64,,
2021-07-15,20:18,-04),5,Cycling,Warm Up/Cool Down,5 min Warm Up Ride,2020-11-14 15:30 (-04),40,133,31%,91,29.05,2.4,55,,,
2021-07-15,20:24,-04),30,Cycling,Music,30 min Hip Hop Ride,2021-07-13 17:00 (-04),258,143,41%,73,29.95,14.98,432,150.79,,
2021-07-22,18:31,-04),30,Cycling,Music,30 min AFO Ride: Major Lazer,2021-07-02 11:50 (-04),240,133,38%,75,28.98,14.5,418,143.74,,
2021-07-24,17:42,-04),45,Cycling,Music,45 min Hip Hop Ride,2021-07-19 19:21 (-04),370,137,42%,71,29.35,22.03,721,161.31,,
2021-07-25,16:42,-04),45,Cycling,Music,45 min Verzuz Ride,2021-07-21 19:24 (-04),357,132,40%,71,28.89,21.68,703,158.69,,
2021-07-27,16:46,-04),20,Cycling,Intervals,20 min Tabata Ride,2021-07-15 07:50 (-04),183,153,40%,75,30.01,10.01,302,153.37,,
2021-07-27,17:06,-04),10,Cycling,Low Impact,10 min Low Impact Ride,2021-06-21 20:09 (-04),65,108,34%,77,26.7,4.46,147,152.79,,
2021-07-27,17:16,-04),5,Cycling,Warm Up/Cool Down,5 min Cool Down Ride,2021-07-09 17:15 (-04),25,82,29%,79,23.91,2,65,141.69,,
2021-08-01,18:34,-04),30,Cycling,Theme,30 min Feel Good Ride,2021-08-01 10:30 (-04),233,129,39%,72,28.61,14.31,422,148.76,,
2021-08-02,13:30,-04),30,Cycling,Music,30 min EDM Ride,2021-08-02 13:25 (-04),251,140,41%,70,29.6,14.81,438,148.97,,
2021-08-05,17:51,-04),30,Cycling,Theme,30 min Sweat Steady Ride,2021-07-31 11:24 (-04),255,142,41%,66,29.26,14.64,401,144.25,,
2021-08-16,16:00,-04),5,Cycling,Warm Up/Cool Down,5 min Warm Up Ride,2021-08-13 10:07 (-04),46,154,34%,86,30.8,2.56,59,128.35,,
2021-08-16,16:06,-04),20,Cycling,Music,20 min EDM Trap Ride,2021-08-09 17:00 (-04),174,145,40%,71,29.89,9.98,323,162.13,,
2021-08-16,16:26,-04),10,Cycling,Warm Up/Cool Down,10 min Cool Down Ride,2021-07-18 14:00 (-04),51,86,34%,63,24.24,4.04,130,141.92,,
2021-08-22,15:53,-04),45,Cycling,Music,45 min Hip Hop Ride,2021-08-18 11:26 (-04),331,122,38%,71,27.89,20.94,684,155.97,,
2021-08-23,19:07,-04),45,Cycling,Music,45 min EDM Ride,2021-08-23 13:25 (-04),375,139,39%,72,29.4,22.06,720,161.19,,
2021-08-25,18:26,-04),5,Cycling,Warm Up/Cool Down,5 min Warm Up Ride,2021-08-13 13:35 (-04),34,105,28%,83,26.18,2.25,47,119.22,,
2021-08-25,18:31,-04),30,Cycling,Music,30 min Hip Hop Ride,2021-08-23 16:30 (-04),267,148,39%,75,30.43,15.22,483,161.86,,
2021-08-25,19:02,-04),5,Cycling,Warm Up/Cool Down,5 min Cool Down Ride,2021-07-23 09:00 (-04),32,109,38%,65,26.89,2.22,75,155.89,,
2021-08-29,16:09,-04),60,Cycling,Theme,60 min Feel Good Ride,2021-07-18 11:50 (-04),455,126,39%,70,28.52,28.52,813,145.47,,
2021-09-09,17:29,-04),30,Cycling,Music,30 min EDM Ride,2021-09-06 17:00 (-04),249,138,42%,68,29.47,14.74,479,160.92,,
2021-09-14,18:56,-04),30,Cycling,Music,30 min House Ride,2021-09-01 11:26 (-04),231,128,40%,68,28.6,14.31,451,155.06,,
2022-01-03,16:59,-05),5,Cycling,Warm Up/Cool Down,5 min Warm Up Ride,2021-12-23 11:00 (-05),28,92,31%,95,24.59,2.04,41,110.15,,
2022-01-03,17:04,-05),20,Cycling,Music,20 min Hip Hop Ride,2021-12-13 09:56 (-05),120,100,39%,76,25.64,8.55,304,154.88,,
2022-01-03,17:24,-05),5,Cycling,Warm Up/Cool Down,5 min Cool Down Ride,2021-09-08 08:00 (-05),21,70,34%,75,22.21,1.83,67,145.65,,
2022-01-03,17:31,-05),5,Stretching,Pre & Post-Ride Stretch,5 min Post-Ride Stretch,2021-10-14 10:00 (-05),,,,,,,60,135.83,,
2022-01-04,17:29,-05),30,Cycling,Theme,30 min Turn It Up: New Year Special,2021-12-28 13:55 (-05),182,101,42%,70,25.78,12.89,461,150.94,,
2022-01-06,18:13,-05),5,Cycling,Warm Up/Cool Down,5 min Warm Up Ride,2022-01-06 11:00 (-05),23,76,31%,84,22.6,1.87,31,77.08,,
2022-01-06,18:18,-05),30,Cycling,Music,30 min EDM Ride,2022-01-05 16:53 (-05),180,100,40%,75,25.52,12.78,469,160.88,,
2022-01-06,18:48,-05),5,Cycling,Warm Up/Cool Down,5 min Cool Down Ride,2022-01-06 11:00 (-05),11,37,23%,82,16.29,1.35,63,142.49,,
2022-01-08,14:36,-05),5,Cycling,Warm Up/Cool Down,5 min Warm Up Ride,2022-01-04 11:00 (-05),20,68,33%,74,21.97,1.82,28,69.84,,
2022-01-08,14:42,-05),45,Cycling,Theme,45 min Halloween Ride,2021-10-30 08:24 (-05),283,105,41%,75,26.15,19.62,725,162.82,,
2022-01-08,15:27,-05),5,Cycling,Warm Up/Cool Down,5 min Cool Down Ride,2021-12-14 11:00 (-05),14,45,28%,76,18.31,1.51,63,142.21,,
2022-01-10,19:08,-05),30,Cycling,Music,30 min Hip Hop Ride,2022-01-09 11:53 (-05),199,110,43%,71,26.38,13.2,433,153.24,,
2022-01-10,19:39,-05),5,Cycling,Warm Up/Cool Down,5 min Cool Down Ride,2022-01-10 11:00 (-05),18,59,34%,71,20.81,1.72,60,138.91,,
2022-01-12,18:11,-05),5,Cycling,Warm Up/Cool Down,5 min Warm Up Ride,2022-01-12 11:00 (-05),23,76,32%,83,22.29,1.85,31,70.11,,
2022-01-12,18:16,-05),30,Cycling,Theme,30 min Feel Good Ride,2022-01-09 07:49 (-05),180,100,40%,74,25.77,12.89,439,151.76,,
2022-01-12,18:47,-05),5,Cycling,Warm Up/Cool Down,5 min Cool Down Ride,2022-01-11 11:00 (-05),17,58,31%,78,19.94,1.64,67,148.09,,
2022-01-15,15:22,-05),15,Cycling,Power Zone,15 min Intro to Power Zone Ride,2020-12-23 10:00 (-05),80,89,34%,87,24.61,6.15,182,139.33,,
2022-01-15,15:38,-05),20,Cycling,Power Zone,20 min Power Zone Beginner Ride,2021-01-02 09:00 (-05),114,95,35%,87,25.19,8.4,279,151.09,,
2022-01-15,16:01,-05),10,Cycling,Climb,10 min Climb Ride,2022-01-12 12:39 (-05),80,133,57%,54,28.79,4.81,169,170.05,,
2022-01-15,16:17,-05),5,Stretching,Pre & Post-Ride Stretch,5 min Post-Ride Stretch,2022-01-15 11:00 (-05),,,,,,,18,139.38,,
2022-01-16,18:44,-05),30,Cycling,Theme,30 min Feel Good Ride,2022-01-16 11:48 (-05),181,100,38%,80,25.83,12.92,428,143.39,,
2022-01-19,18:06,-05),5,Cycling,Warm Up/Cool Down,5 min Warm Up Ride,2022-01-18 16:45 (-05),22,72,31%,86,22.64,1.88,111,204.6,,
2022-01-19,18:12,-05),30,Cycling,Music,30 min Hip Hop Ride,2022-01-19 07:20 (-05),183,102,38%,81,25.85,12.94,419,151.18,,
2022-01-19,18:42,-05),5,Cycling,Warm Up/Cool Down,5 min Cool Down Ride,2022-01-18 16:45 (-05),19,62,37%,65,21.21,1.77,57,134.33,,
2022-01-27,17:50,-05),5,Cycling,Warm Up/Cool Down,5 min Warm Up Ride,2021-12-30 03:30 (-05),35,116,40%,79,27.63,2.29,47,67.67,,
2022-01-27,17:55,-05),20,Cycling,Music,20 min EDM Ride,2022-01-25 02:25 (-05),142,119,43%,73,27.44,9.16,290,154.44,,
2022-01-27,18:16,-05),5,Cycling,Warm Up/Cool Down,5 min Cool Down Ride,2022-01-26 11:00 (-05),15,51,31%,72,19.25,1.61,53,130.65,,
2022-01-29,14:12,-05),45,Cycling,Theme,45 min Sweat Steady Ride,2022-01-22 09:24 (-05),289,107,41%,75,26.46,19.84,684,158.47,,
2022-02-01,16:23,-05),30,Cycling,Theme,30 min AT's Ride to Greatness,2022-01-31 18:26 (-05),196,109,39%,81,26.17,13.1,462,160.37,,
2022-02-05,16:46,-05),10,Cycling,Power Zone,10 min FTP Warm Up Ride,2021-02-13 12:00 (-05),57,96,33%,93,25.19,4.2,97,115.04,,
2022-02-05,16:57,-05),20,Cycling,Power Zone,20 min FTP Test Ride,2021-02-27 14:00 (-05),171,142,44%,80,30.13,10.04,342,171.27,,
2022-02-05,17:21,-05),10,Cycling,Warm Up/Cool Down,10 min Cool Down Ride,2021-12-23 01:35 (-05),40,66,36%,71,21.52,3.59,126,142.47,,
2022-02-09,16:46,-05),30,Cycling,Power Zone,30 min Power Zone Endurance Hip Hop Ride,2022-02-09 05:54 (-05),179,99,36%,88,25.91,12.97,344,128.86,,
2022-02-11,18:20,-05),30,Cycling,Music,30 min Hip Hop Ride,2022-02-09 08:55 (-05),202,112,40%,80,26.94,13.47,427,144.59,,
2022-02-14,17:07,-05),45,Cycling,Power Zone,45 min Power Zone Ride,2022-02-02 05:52 (-05),277,102,36%,85,25.57,19.18,585,143.12,,
2022-02-16,18:02,-05),5,Cycling,Warm Up/Cool Down,5 min AT's Ride to Greatness: Warm Up,2022-02-03 15:00 (-05),40,132,41%,83,29.05,2.41,69,149.83,,
2022-02-16,18:08,-05),30,Cycling,Theme,30 min AT's Ride to Greatness,2022-02-14 18:23 (-05),211,117,43%,76,27.66,13.84,493,166.75,,
2022-02-19,15:40,-05),10,Cycling,,10 min Lanebreak Ride,,87,146,43%,82,29.97,4.97,119,,,
2022-02-19,15:52,-05),10,Cycling,,10 min Lanebreak Ride,,75,124,43%,77,28.13,4.72,102,,,
2022-02-19,16:03,-05),10,Cycling,,10 min Lanebreak Ride,,68,112,38%,83,26.96,4.54,92,,,
2022-02-19,16:14,-05),5,Cycling,,5 min Lanebreak Ride,,32,106,38%,82,26.34,2.19,43,,,
2022-02-23,18:26,-05),45,Cycling,Power Zone,45 min Power Zone Endurance 90s Ride,2022-02-23 05:54 (-05),275,102,38%,90,26.18,19.65,504,133.42,,
2022-02-27,16:46,-05),60,Cycling,Power Zone,60 min Power Zone Endurance Ride,2022-02-19 07:53 (-05),396,110,39%,92,27.04,27.04,791,146.19,,
2022-02-27,17:48,-05),5,Cycling,,5 min Lanebreak Ride,,39,129,44%,85,28.65,2.38,76,159.52,,
2022-03-01,18:03,-05),10,Strength,Warm Up,10 min Strength-Focus Warm Up,2019-12-10 11:00 (-05),,,,,,,59,,,
2022-03-01,18:16,-05),30,Strength,Upper Body,30 min Upper Body Strength,2019-12-10 11:00 (-05),,,,,,,179,,,
2022-03-01,18:48,-05),10,Stretching,Full Body Stretch,10 min Post-Strength Stretch,2019-12-10 11:10 (-05),,,,,,,29,,,
2022-03-01,19:06,-05),10,Cycling,Intervals,10 min Tabata Ride,2022-02-08 11:00 (-05),80,133,47%,75,28.45,4.75,109,,,
2022-03-05,20:06,-05),5,Cycling,,5 min Lanebreak Ride,,40,135,43%,87,29.08,2.4,54,,,
2022-03-05,20:12,-05),45,Cycling,Power Zone,45 min Power Zone Endurance Hip Hop Ride,2022-03-03 07:23 (-05),299,111,41%,83,27.1,20.33,634,151.94,,
2022-03-05,20:57,-05),5,Cycling,Warm Up/Cool Down,5 min AT's Ride to Greatness: Cool Down,2022-02-03 15:00 (-05),24,81,42%,70,23.72,1.96,65,146.03,,
2022-03-06,15:34,-05),10,Strength,Warm Up,10 min Strength-Focus Warm Up,2019-12-10 11:00 (-05),,,,,,,59,,,
2022-03-06,15:46,-05),30,Strength,Lower Body,30 min Lower Body Strength,2019-12-10 11:10 (-05),,,,,,,176,,,
2022-03-06,16:17,-05),10,Stretching,Full Body Stretch,10 min Post-Strength Stretch,2019-12-10 11:10 (-05),,,,,,,29,,,
2022-03-07,17:00,-05),45,Cycling,Music,45 min 90s Ride,2022-03-07 16:54 (-05),318,118,43%,82,27.62,20.71,643,153.22,,
2022-03-14,17:12,-04),5,Cycling,Warm Up/Cool Down,5 min Warm Up Ride,2022-02-14 12:00 (-04),32,107,38%,88,26.3,2.19,42,115.82,,
2022-03-14,17:18,-04),30,Cycling,Music,30 min EDM Ride,2022-03-09 09:56 (-04),231,128,47%,76,28.52,14.27,425,152.37,,
2022-03-14,17:48,-04),5,Cycling,Warm Up/Cool Down,5 min Cool Down Ride,2022-02-17 12:00 (-04),32,107,42%,82,26.63,2.22,68,149.08,,
2022-03-29,18:32,-04),45,Cycling,Power Zone,45 min Power Zone Ride,2022-03-29 14:54 (-04),308,114,42%,83,27.28,20.45,618,149.69,,
2022-04-03,11:19,-04),45,Cycling,Power Zone,45 min Power Zone Ride,2022-03-02 10:50 (-04),307,114,40%,86,27.12,20.34,710,162.73,,
2022-04-05,20:45,-04),45,Cycling,Power Zone,45 min Power Zone Ride,2022-03-30 05:52 (-04),300,111,39%,90,26.86,20.15,524,154.48,,