Workout,Timestamp,,Length (minutes),Fitness Discipline,Type,Title,Class Timestamp,Total Output,Avg. Watts,Avg. Resistance,Avg. Cadence (RPM),Avg. Speed (kph),Distance (km),Calories Burned,Avg. Heartrate,Avg. Incline,Avg. Pace (min/km)
2020-08-11,14:49,EDT),20,Cycling,Beginner,20 min Beginner Ride,2019-11-13 16:16 (EDT),65,54,32%,66,18.72,6.24,203,147.97,,
2020-08-11,15:13,EDT),5,Stretching,Pre & Post-Ride Stretch,5 min Post-Ride Stretch,2020-06-30 10:00 (EDT),,,,,,,40,129.47,,
2020-08-11,15:31,EDT),15,Cycling,Scenic Ride,15 min Canadian Roads Scenic Ride,,41,46,30%,68,18.07,4.52,154,149.03,,
2020-08-11,15:52,EDT),10,Strength,Arms & Light Weights,10 min Arms Toning,2020-08-09 08:34 (EDT),,,,,,,96,143.46,,
2020-08-12,11:11,EDT),10,Yoga,Yoga Basics,10 min Basics: Transitions,2020-03-11 11:00 (EDT),,,,,,,,,,
2020-08-12,11:22,EDT),10,Yoga,Focus Flow,10 min Sun Salutations,2019-07-01 09:51 (EDT),,,,,,,,,,
2020-08-12,12:26,EDT),20,Cycling,Beginner,20 min Beginner Ride,2020-05-31 16:00 (EDT),50,53,34%,64,19.38,5.36,170,144.72,,
2020-08-12,12:50,EDT),10,Strength,Arms & Light Weights,10 min Arms Toning,2020-07-31 18:35 (EDT),,,,,,,79,128.78,,
2020-08-13,14:59,EDT),20,Cycling,Beginner,20 min Beginner Ride,2019-12-07 10:00 (EDT),59,49,32%,67,18.35,6.12,199,145,,
2020-08-13,15:22,EDT),10,Strength,Arms & Light Weights,10 min Arms Toning,2020-08-07 09:00 (EDT),,,,,,,100,146.78,,
2020-08-13,15:43,EDT),15,Cycling,Low Impact,15 min Low Impact Ride,2019-07-16 14:37 (EDT),27,30,24%,66,14.16,3.54,147,145.09,,
2020-08-13,16:01,EDT),5,Stretching,Pre & Post-Ride Stretch,5 min Post-Ride Stretch,2020-06-30 10:00 (EDT),,,,,,,41,131.07,,
2020-08-13,16:14,EDT),5,Cardio,Dance Cardio,5 min Dance Cardio Warm Up,2020-03-05 14:00 (EDT),,,,,,,38,125.38,,
2020-08-13,16:21,EDT),20,Cardio,Dance Cardio,20 min Dance Cardio,2020-03-05 14:00 (EDT),,,,,,,140,120.85,,
2020-08-14,15:44,EDT),30,Cycling,Music,30 min Pop Ride,2019-11-27 12:20 (EDT),89,49,36%,57,18.02,9.01,284,142.2,,
2020-08-14,16:17,EDT),10,Strength,Arms & Light Weights,10 min Arms Toning,2020-08-13 18:36 (EDT),,,,,,,92,140.11,,
2020-08-14,16:29,EDT),5,Cycling,Warm Up/Cool Down,5 min Cool Down Ride,2020-07-17 09:00 (EDT),12,39,37%,48,16.11,1.34,48,143.5,,
2020-08-14,16:37,EDT),5,Stretching,Pre & Post-Ride Stretch,5 min Post-Ride Stretch,2020-08-14 09:00 (EDT),,,,,,,2,123.19,,
2020-08-15,8:46,EDT),20,Cycling,Beginner,20 min Beginner Ride,2019-12-19 16:00 (EDT),55,46,31%,66,17.96,5.99,171,134.09,,
2020-08-15,9:09,EDT),10,Strength,Arms & Light Weights,10 min Arms Toning,2020-08-12 09:00 (EDT),,,,,,,79,128.76,,
2020-08-15,9:22,EDT),10,Cycling,Warm Up/Cool Down,10 min Cool Down Ride,2020-08-08 11:35 (EDT),21,35,31%,57,15.51,2.57,81,130.01,,
2020-08-15,9:35,EDT),5,Stretching,Pre & Post-Ride Stretch,5 min Post-Ride Stretch,2020-08-02 04:45 (EDT),,,,,,,38,126.29,,
2020-08-18,16:33,EDT),20,Cycling,Beginner,20 min Beginner Ride,2019-12-19 16:00 (EDT),45,48,32%,66,18.86,4.99,147,143.87,,
2020-08-18,16:57,EDT),10,Strength,Arms & Light Weights,10 min Arms Toning,2020-08-12 09:00 (EDT),,,,,,,84,132.47,,
2020-08-18,17:10,EDT),15,Cycling,Music,15 min Pop Ride,2019-12-20 13:00 (EDT),47,52,36%,58,18.33,4.59,155,149.64,,
2020-08-18,17:26,EDT),5,Stretching,Pre & Post-Ride Stretch,5 min Post-Ride Stretch,2020-06-08 10:00 (EDT),,,,,,,42,133.59,,
2020-08-19,15:34,EDT),30,Cycling,Beginner,30 min Advanced Beginner Ride,2019-12-14 17:48 (EDT),81,45,34%,57,17.3,8.64,229,125.98,,
2020-08-19,16:08,EDT),10,Strength,Arms & Light Weights,10 min Arms Toning,2020-07-20 09:40 (EDT),,,,,,,71,121.14,,
2020-08-19,16:27,EDT),20,Cycling,Low Impact,20 min Low Impact Ride,2019-12-03 07:16 (EDT),56,47,33%,58,16.75,5.58,183,139.49,,
2020-08-20,16:49,EDT),30,Cycling,Beginner,30 min Advanced Beginner Ride,2019-12-02 03:56 (EDT),83,46,32%,65,17.85,8.92,255,133.22,,
2020-08-20,17:22,EDT),10,Strength,Arms & Light Weights,10 min Arms Toning,2020-08-12 13:02 (EDT),,,,,,,82,130.64,,
2020-08-21,15:03,EDT),30,Cycling,Beginner,30 min Advanced Beginner Ride,2019-10-13 16:18 (EDT),80,44,29%,67,17.32,8.66,233,127.89,,
2020-08-21,15:37,EDT),10,Strength,Arms & Light Weights,10 min Arms Toning,2020-06-24 14:40 (EDT),,,,,,,74,124.14,,
2020-08-21,15:50,EDT),15,Cycling,Intervals,15 min Tabata Ride,2019-09-26 15:21 (EDT),55,66,54%,29,14.76,3.96,140,154.71,,
2020-08-21,16:12,EDT),5,Stretching,Pre & Post-Ride Stretch,5 min Post-Ride Stretch,2020-06-30 10:00 (EDT),,,,,,,35,115.7,,
2020-08-21,19:19,EDT),20,Cycling,Beginner,20 min Beginner Ride,2019-07-06 15:00 (EDT),46,38,30%,61,16.4,5.46,161,129.75,,
2020-08-21,19:41,EDT),5,Stretching,Pre & Post-Ride Stretch,5 min Post-Ride Stretch,2020-05-31 10:00 (EDT),,,,,,,33,117.41,,
2020-08-22,16:07,EDT),30,Cycling,Music,30 min Hip Hop Ride,2019-09-13 12:18 (EDT),77,51,39%,48,16.24,7.27,242,144.04,,
2020-08-22,16:40,EDT),10,Strength,Arms & Light Weights,10 min Arms Toning,2020-07-31 18:35 (EDT),,,,,,,86,134.34,,
2020-08-22,16:56,EDT),20,Cycling,Intervals,20 min HIIT Ride,2020-07-31 07:50 (EDT),43,36,37%,38,12.26,4.09,171,134.02,,
2020-08-23,15:07,EDT),30,Cycling,Beginner,30 min Advanced Beginner Ride,2020-08-02 09:20 (EDT),68,73,49%,49,23.95,6.73,184,,,
2020-08-26,16:18,EDT),20,Cycling,Beginner,20 min Beginner Ride,2019-11-13 16:16 (EDT),52,43,28%,68,16.98,5.65,160,129.23,,
2020-08-26,16:44,EDT),6,Cycling,,6 min Just Ride,,19,52,32%,69,19.38,1.93,52,134.46,,
2020-08-27,15:38,EDT),20,Cycling,Beginner,20 min Beginner Ride,2019-11-13 16:16 (EDT),61,51,30%,72,18.59,6.2,94,,,
2020-08-27,16:02,EDT),10,Strength,Arms & Light Weights,10 min Arms Toning,2020-07-31 18:35 (EDT),,,,,,,58,,,
2020-08-29,13:07,EDT),20,Cycling,Beginner,20 min Beginner Ride,2019-11-13 16:16 (EDT),60,50,29%,75,18.67,6.21,202,147.65,,
2020-08-29,13:37,EDT),15,Cycling,Intervals,15 min Tabata Ride,2019-09-26 15:21 (EDT),62,69,47%,45,18.46,4.6,172,159.84,,
2020-08-30,14:50,EDT),15,Cycling,Intervals,15 min Tabata Ride,2019-09-26 15:21 (EDT),59,65,48%,39,16.06,4.01,159,152.31,,
2020-10-08,14:24,EDT),20,Cycling,Beginner,20 min Beginner Ride,2019-11-13 16:16 (EDT),,,,,,,,,,
2020-10-08,14:27,EDT),20,Cycling,Beginner,20 min Beginner Ride,2019-11-13 16:16 (EDT),59,49,30%,70,18.3,6.1,149,123,,
2020-10-08,14:51,EDT),20,Cycling,Low Impact,20 min Recovery Ride,2019-11-09 07:00 (EDT),54,45,30%,69,17.98,5.99,127,,,
2020-10-08,15:13,EDT),5,Stretching,Pre & Post-Ride Stretch,5 min Post-Ride Stretch,2020-07-17 09:00 (EDT),,,,,,,14,,,
2020-10-14,12:28,EDT),20,Cycling,Low Impact,20 min Low Impact Ride,2018-10-31 16:50 (EDT),77,64,32%,77,21.07,7.02,192,141,,
2021-02-08,12:16,EDT),30,Cycling,Beginner,30 min Advanced Beginner Ride,2021-01-27 01:30 (EDT),107,59,38%,60,20,9.99,329,154,,
2021-02-08,12:48,EDT),5,Cycling,Warm Up/Cool Down,5 min Cool Down Ride,2020-12-13 11:35 (EDT),9,30,25%,67,14.68,1.21,44,138,,
2021-02-08,12:54,EDT),5,Stretching,Pre & Post-Ride Stretch,5 min Post-Ride Stretch,2021-01-13 01:15 (EDT),,,,,,,45,138.46,,
2021-02-09,10:43,EDT),20,Cycling,Beginner,20 min Beginner Ride,2019-04-07 03:07 (EDT),67,56,34%,64,19.52,6.5,188,140,,
2021-02-09,11:05,EDT),5,Cycling,Warm Up/Cool Down,5 min Cool Down Ride,2020-12-13 11:35 (EDT),10,34,29%,61,15.71,1.3,39,127,,
2021-02-09,11:11,EDT),5,Stretching,Pre & Post-Ride Stretch,5 min Post-Ride Stretch,2021-01-13 01:15 (EDT),,,,,,,36,123.1,,
2021-02-10,10:18,EDT),20,Cycling,Music,20 min 90s Ride,2020-10-13 02:24 (EDT),71,59,37%,56,18.41,6.13,202,146,,
2021-02-10,10:41,EDT),5,Cycling,Warm Up/Cool Down,5 min Cool Down Ride,2020-12-13 11:35 (EDT),15,49,35%,60,18.23,1.51,44,141,,
2021-02-10,10:49,EDT),10,Strength,Arms & Light Weights,10 min Arms Toning,2021-02-09 09:32 (EDT),,,,,,,58,,,
2021-02-12,10:12,EDT),20,Cycling,Beginner,20 min Beginner Ride,2019-04-07 03:07 (EDT),82,68,37%,66,21.6,7.19,188,140,,
2021-02-12,10:35,EDT),10,Strength,Arms & Light Weights,10 min Arms Toning,2021-02-09 09:32 (EDT),,,,,,,58,,,
2021-02-13,9:44,EDT),30,Cycling,Beginner,30 min Advanced Beginner Ride,2021-01-27 01:30 (EDT),126,70,42%,55,20.42,10.22,292,143,,
2021-02-13,10:18,EDT),10,Cycling,Warm Up/Cool Down,10 min Cool Down Ride,2021-02-11 06:25 (EDT),32,53,37%,59,19.26,3.2,96,142,,
2021-02-14,13:59,EDT),30,Cycling,Beginner,30 min Advanced Beginner Ride,2021-01-27 01:30 (EDT),130,72,41%,57,21.02,10.51,333,155,,
2021-02-15,10:26,EDT),20,Cycling,Beginner,20 min Beginner Ride,2020-09-10 01:00 (EDT),90,75,37%,69,22.06,7.35,202,146,,
2021-02-15,10:49,EDT),5,Stretching,Pre & Post-Ride Stretch,5 min Post-Ride Stretch,2021-01-13 01:15 (EDT),,,,,,,14,,,
2021-02-16,10:38,EDT),20,Cycling,Music,20 min 2010s Ride,2021-02-01 02:56 (EDT),79,66,35%,68,20.92,6.97,210,149,,
2021-02-17,10:47,EDT),20,Cycling,Music,20 min 2010s Ride,2021-02-01 02:56 (EDT),88,73,37%,68,21.9,7.31,212,152,,
2021-02-17,11:09,EDT),5,Stretching,Pre & Post-Ride Stretch,5 min Post-Ride Stretch,2021-01-13 01:15 (EDT),,,,,,,14,,,
2021-02-18,10:16,EDT),30,Cycling,Music,30 min 2010s Ride,2020-12-22 08:00 (EDT),142,79,43%,57,21.42,10.7,324,152,,
2021-02-18,10:50,EDT),5,Cycling,Warm Up/Cool Down,5 min Cool Down Ride,2019-11-28 04:22 (EDT),15,50,34%,63,18.36,1.51,43,136,,
2021-02-18,11:00,EDT),10,Strength,Arms & Light Weights,10 min Arms Toning,2021-02-14 12:35 (EDT),,,,,,,58,,,
2021-02-19,10:39,EDT),30,Cycling,Music,30 min 2010s Ride,2020-12-22 08:00 (EDT),129,72,39%,62,21.16,10.57,277,139,,
2021-02-19,11:12,EDT),5,Stretching,Pre & Post-Ride Stretch,5 min Post-Ride Stretch,2021-01-13 01:15 (EDT),,,,,,,14,,,
2021-02-21,10:49,EDT),30,Cycling,Beginner,30 min Advanced Beginner Ride,2021-01-27 01:30 (EDT),139,77,42%,57,21.4,10.7,303,146,,
2021-02-21,11:23,EDT),10,Strength,Arms & Light Weights,10 min Arms Toning,2021-02-09 09:32 (EDT),,,,,,,58,,,
2021-02-22,14:46,EDT),20,Cycling,Music,20 min 2010s Ride,2021-02-01 02:56 (EDT),93,77,38%,68,22.27,7.42,213,151,,
2021-02-23,10:50,EDT),20,Cycling,Music,20 min 2010s Ride,2021-02-01 02:56 (EDT),93,77,39%,63,21.74,7.26,193,143,,
2021-02-25,10:32,-05),20,Cycling,Music,20 min Pop Ride,2021-02-22 02:55 (-05),108,90,42%,63,23.17,7.72,214,150,,
2021-02-26,10:34,-05),20,Cycling,Music,20 min Pop Ride,2021-02-22 02:55 (-05),100,83,41%,62,21.87,7.29,207,148,,
2021-02-27,10:20,-05),30,Cycling,Music,30 min Pop Ride,2021-01-18 02:55 (-05),134,74,37%,67,21.37,10.69,320,151,,
2021-03-01,10:29,-05),15,Cycling,Intervals,15 min HIIT Ride,2021-02-15 02:55 (-05),81,90,40%,67,24.12,6.04,171,157,,
2021-03-02,10:31,-05),30,Cycling,Music,30 min Pop Ride,2021-01-18 02:55 (-05),150,83,42%,61,22.32,11.15,310,148,,
2021-03-02,11:04,-05),5,Stretching,Pre & Post-Ride Stretch,5 min Post-Ride Stretch,2021-02-26 01:35 (-05),,,,,,,14,,,
2021-03-03,11:25,-05),20,Cycling,Intervals,20 min HIIT Ride,2020-09-29 01:19 (-05),97,81,41%,56,20.49,6.84,212,150,,
2021-03-05,9:14,-05),15,Cycling,Intervals,15 min HIIT Ride,2021-02-15 02:55 (-05),80,88,42%,63,23.69,5.92,158,149,,
2021-03-05,9:34,-05),10,Strength,Barre,10 min Intro to Barre,2020-09-21 07:40 (-05),,,,,,,,,,
2021-03-05,9:35,-05),10,Strength,Barre,10 min Barre,2020-09-21 07:50 (-05),,,,,,,15,,,
2021-03-05,9:39,-05),10,Strength,Upper Body,10 min Arms & Shoulders Strength,2021-03-03 10:00 (-05),,,,,,,58,,,
2021-03-06,9:41,-05),20,Cycling,Music,20 min Pop Ride,2021-02-22 02:55 (-05),106,89,42%,61,22.27,7.44,204,148,,
2021-03-08,9:36,-05),20,Cycling,Intervals,20 min Tabata Ride,2021-03-08 02:55 (-05),113,94,44%,55,21.81,7.27,223,154,,
2021-03-09,11:13,-05),30,Cycling,Theme,30 min WHM: Broadway Ride,2021-03-02 08:55 (-05),162,90,41%,65,22.74,11.38,353,160,,
2021-03-09,11:56,-05),10,Strength,Upper Body,10 min Arms & Shoulders Strength,2021-03-03 10:00 (-05),,,,,,,58,,,
2021-03-09,12:09,-05),10,Strength,Upper Body,10 min Arms & Shoulders Strength,2021-03-08 09:11 (-05),,,,,,,58,,,
2021-03-09,12:23,-05),10,Meditation,Mindfulness,10 min WHM: Intention Meditation,2021-03-08 08:45 (-05),,,,,,,,,,
2021-03-10,13:18,-05),20,Cycling,Music,20 min Pop Ride,2021-02-22 02:55 (-05),105,87,40%,68,23.06,7.69,217,154,,
2021-03-10,13:41,-05),10,Strength,Upper Body,10 min Arms & Shoulders Strength,2021-03-03 10:00 (-05),,,,,,,58,,,
2021-03-11,9:54,-05),15,Cycling,Intervals,15 min HIIT Ride,2021-02-15 02:55 (-05),88,97,44%,63,24.35,6.1,148,146,,
2021-03-12,9:38,-05),30,Cycling,Music,30 min Pop Ride,2021-03-09 08:55 (-05),172,95,41%,67,23.45,11.73,314,150,,
2021-03-14,9:46,-04),15,Cycling,Intervals,15 min HIIT Ride,2021-02-15 03:55 (-04),89,99,44%,63,24.61,6.16,157,151,,
2021-03-15,10:07,-04),15,Cycling,Intervals,15 min HIIT Ride,2021-02-15 03:55 (-04),83,92,41%,68,24.25,6.07,155,150,,
2021-03-16,11:47,-04),20,Cycling,Intervals,20 min Tabata Ride,2021-02-11 07:00 (-04),114,95,43%,57,21.89,7.31,197,146,,
2021-03-16,12:12,-04),10,Strength,Upper Body,10 min Arms & Shoulders Strength,2019-08-19 06:32 (-04),,,,,,,58,,,
2021-03-18,9:58,-04),20,Cycling,Music,20 min New Tracks Ride,2021-03-15 04:22 (-04),118,98,43%,65,24.11,8.05,197,144,,
2021-03-20,9:57,-04),15,Cycling,Intervals,15 min Tabata Ride,2020-03-06 03:32 (-04),73,81,38%,67,22.58,5.65,141,139,,
2021-03-20,10:16,-04),10,Strength,Upper Body,10 min Arms & Shoulders Strength,2021-03-03 11:00 (-04),,,,,,,58,,,
2021-03-21,9:53,-04),20,Cycling,Music,20 min New Tracks Ride,2021-03-15 04:22 (-04),110,92,42%,63,22.37,7.47,208,148,,
2021-03-21,10:16,-04),10,Strength,Upper Body,10 min Arms & Shoulders Strength,2021-03-03 11:00 (-04),,,,,,,58,,,
2021-03-22,9:17,-04),30,Cycling,Music,30 min Pop Ride,2021-03-09 09:55 (-04),175,97,41%,67,23.45,11.73,317,150,,
2021-03-22,9:51,-04),10,Strength,Upper Body,10 min Arms & Shoulders Strength,2021-03-03 11:00 (-04),,,,,,,58,,,
2021-03-23,9:41,-04),30,Cycling,Music,30 min 2010s Ride,2021-03-04 14:25 (-04),167,93,42%,62,22.69,11.35,296,144,,
2021-03-23,10:17,-04),10,Strength,Full Body,10 min Full Body Strength,2019-03-18 06:31 (-04),,,,,,,5,,,
2021-03-23,10:20,-04),15,Strength,Upper Body,15 min Chest & Back Strength,2019-06-19 16:16 (-04),,,,,,,87,,,
2021-03-23,10:43,-04),10,Meditation,Mindfulness,10 min WHM Celebration Meditation,2021-03-22 18:36 (-04),,,,,,,,,,
2021-03-25,9:39,-04),30,Cycling,Music,30 min 2010s Ride,2021-03-04 14:25 (-04),175,97,43%,62,23.01,11.51,306,147,,
2021-03-25,10:12,-04),10,Strength,Upper Body,10 min Arms & Shoulders Strength,2021-03-03 11:00 (-04),,,,,,,58,,,
2021-03-26,9:45,-04),20,Cycling,Music,20 min Hip Hop Ride,2021-01-25 03:55 (-04),119,99,40%,70,23.74,7.92,195,143,,
2021-03-26,10:08,-04),10,Strength,Upper Body,10 min Arms & Shoulders Strength,2018-10-09 08:32 (-04),,,,,,,57,,,
2021-03-27,9:49,-04),30,Cycling,Music,30 min 2000s Ride,2020-07-11 04:50 (-04),185,103,44%,63,24.08,12.04,310,149,,
2021-03-29,9:05,-04),45,Cycling,Music,45 min Red Hot Chili Peppers Ride,2019-07-24 18:18 (-04),29,133,42%,72,25.67,1.87,39,,,
2021-03-29,9:14,-04),20,Cycling,Music,20 min New Tracks Ride,2021-03-15 04:22 (-04),109,91,43%,60,22.03,7.35,195,144,,
2021-03-29,9:39,-04),10,Strength,Upper Body,10 min Arms & Shoulders Strength,2018-10-09 08:32 (-04),,,,,,,57,,,
2021-03-30,10:59,-04),45,Cycling,Music,45 min 2010s Ride,2021-03-23 09:55 (-04),253,94,41%,66,23.53,17.65,509,157,,
2021-03-30,11:51,-04),20,Strength,Upper Body,20 min Arms & Shoulders Strength,2020-11-25 11:00 (-04),,,,,,,116,,,
2021-03-30,12:16,-04),10,Meditation,Emotions,10 min Gratitude Meditation,2021-02-14 11:00 (-04),,,,,,,,,,
2021-03-31,12:50,-04),30,Cycling,Music,30 min 90s Pop Ride,2021-03-25 14:55 (-04),182,101,40%,74,25.14,12.57,282,,,
2021-03-31,13:23,-04),10,Strength,Arms & Light Weights,10 min Arms & Light Weights,2021-03-19 02:35 (-04),,,,,,,58,,,
2021-04-01,9:18,-04),30,Cycling,Music,30 min 2000s Pop Ride,2021-02-11 14:24 (-04),171,96,45%,58,22.39,11.06,265,137,,
2021-04-03,9:36,-04),15,Cycling,Music,15 min 90s Ride,2019-11-11 06:00 (-04),94,104,43%,67,24.37,6.1,146,142,,
2021-04-03,9:55,-04),10,Strength,Upper Body,10 min Arms & Shoulders Strength,2021-03-03 11:00 (-04),,,,,,,58,,,
2021-04-04,10:32,-04),45,Cycling,Music,45 min Pop Ride,2021-04-03 11:00 (-04),241,89,39%,69,22.68,17.01,459,148,,
2021-04-04,11:22,-04),15,Strength,Bodyweight,15 min Bodyweight Strength,2021-04-03 12:00 (-04),,,,,,,14,,,
2021-04-04,11:27,-04),15,Strength,Upper Body,15 min Chest & Back Strength,2019-06-19 16:16 (-04),,,,,,,87,,,
2021-04-05,9:57,-04),30,Cycling,Music,30 min Dance Music Ride,2021-04-01 13:25 (-04),162,90,42%,64,22.58,11.3,291,143,,
2021-04-05,10:35,-04),20,Strength,Upper Body,20 min Arms & Shoulders Strength,2020-11-25 11:00 (-04),,,,,,,116,,,
2021-04-06,10:39,-04),30,Cycling,Music,30 min Little Mix Ride,2021-03-08 14:25 (-04),171,95,46%,57,22.53,11.27,307,148,,
2021-04-07,10:22,-04),30,Cycling,Music,30 min 2000s Pop Ride,2020-09-23 09:30 (-04),166,92,44%,60,22.74,11.36,299,145,,
2021-04-09,10:20,-04),30,Cycling,Music,30 min 2000s Ride,2021-04-03 13:00 (-04),185,103,45%,62,24.59,12.3,299,145,,
2021-04-10,21:04,-04),20,Cycling,Music,20 min 90s Ride,2021-04-07 08:55 (-04),112,93,38%,76,24.41,8.14,190,140,,
2021-04-11,15:54,-04),30,Cycling,Music,30 min 2010s Ride,2021-04-06 13:25 (-04),187,104,43%,68,25.28,12.65,304,147,,
2021-04-12,20:44,-04),45,Cycling,Music,45 min 2010s Ride,2021-02-18 14:24 (-04),262,97,43%,64,23.77,17.83,443,144,,
2021-04-16,20:41,-04),45,Cycling,Music,45 min 2010s Ride,2021-02-20 05:00 (-04),210,78,39%,67,22.11,16.59,359,128,,
2021-04-18,11:02,-04),20,Cycling,Music,20 min 2000s Pop Ride,2021-04-10 03:42 (-04),111,93,46%,58,23.53,7.84,180,136,,
2021-04-20,21:09,-04),30,Cycling,Music,30 min Pop Ride,2021-04-12 13:25 (-04),178,99,45%,60,23.29,11.65,297,144,,
2021-04-22,12:42,-04),45,Cycling,Music,45 min 2010s Ride,2021-04-19 13:25 (-04),214,79,39%,66,21.45,16.09,484,152,,
2021-04-22,17:29,-04),30,Cycling,Music,30 min 2010s Ride,2021-04-17 04:25 (-04),160,89,42%,63,22.14,11.07,305,148,,
2021-04-22,18:02,-04),10,Strength,Arms & Light Weights,10 min Arms & Light Weights,2021-04-09 09:32 (-04),,,,,,,58,,,
2021-04-24,20:51,-04),30,Cycling,Music,30 min 2010s Ride,2021-04-17 04:25 (-04),164,91,44%,58,21.77,10.9,279,139,,
2021-04-25,20:42,-04),45,Cycling,Music,45 min Pop Ride,2021-04-25 06:55 (-04),239,89,42%,60,21.81,16.37,423,141,,
2021-04-27,9:47,-04),45,Cycling,Music,45 min Pop Ride,2021-04-25 06:55 (-04),234,87,44%,56,21.65,16.24,418,140,,
2021-04-29,14:14,-04),45,Cycling,Music,45 min Pop Ride,2021-03-27 06:55 (-04),245,91,44%,61,22.66,16.99,483,153,,
2021-04-30,21:31,-04),30,Cycling,Music,30 min Pop Ride,2021-04-30 07:25 (-04),164,91,40%,70,23.63,11.81,296,144,,
2021-05-02,12:15,-04),30,Cycling,Music,30 min 2010s Ride,2021-05-01 05:55 (-04),171,95,43%,61,22.88,11.44,322,152,,
2021-05-02,12:55,-04),5,Cycling,Warm Up/Cool Down,5 min AT's Ride to Greatness: Warm Up,2021-04-30 09:00 (-04),18,60,27%,91,19.79,1.67,43,137,,
2021-05-02,13:14,-04),30,Cycling,Music,30 min The Weeknd Ride,2020-08-26 19:19 (-04),150,83,38%,72,22.06,11.04,295,144,,
2021-05-04,20:46,-04),30,Cycling,Theme,30 min Feel Good Ride,2021-05-02 11:51 (-04),175,97,44%,64,24.45,12.23,292,143,,
2021-05-06,16:50,-04),30,Cycling,Theme,30 min Feel Good Ride,2021-05-02 11:51 (-04),0,0,0%,0,0,0,0,,,
2021-05-06,16:50,-04),30,Cycling,Theme,30 min Feel Good Ride,2021-05-02 11:51 (-04),0,0,0%,0,0,0,0,,,
2021-05-06,16:49,-04),30,Cycling,Theme,30 min Feel Good Ride,2021-05-02 11:51 (-04),170,95,40%,71,24.37,12.07,318,152,,
2021-05-08,17:39,-04),30,Cycling,Music,30 min 2010s Ride,2021-05-05 10:00 (-04),166,92,40%,71,23.43,11.72,305,148,,
2021-05-10,11:29,-04),30,Cycling,Music,30 min 2010s Ride,2021-05-08 04:25 (-04),162,90,45%,57,21.68,10.85,273,138,,
2021-05-11,16:38,-04),30,Cycling,Music,30 min Pop Ride,2021-05-10 13:25 (-04),177,98,43%,62,22.76,11.38,293,143,,
2021-05-12,16:34,-04),45,Cycling,Music,45 min Pop Ride,2021-03-27 06:55 (-04),242,89,46%,56,21.13,15.85,424,142,,
2021-05-12,17:25,-04),10,Strength,Upper Body,10 min Arms & Shoulders Strength,2021-05-10 10:00 (-04),,,,,,,64,,,
2021-05-13,16:48,-04),20,Cycling,Theme,20 min APIHM Celebration Ride,2021-05-11 08:55 (-04),114,95,44%,60,23.09,7.71,172,133,,
2021-05-13,17:14,-04),20,Cycling,Music,20 min Pop Ride,2021-05-13 14:00 (-04),110,92,39%,75,23.87,7.95,199,145,,
2021-05-13,17:38,-04),10,Strength,Upper Body,10 min Upper Body Strength,2021-05-11 10:00 (-04),,,,,,,58,,,
2021-05-18,18:48,-04),30,Cycling,Music,30 min 90s Ride,2021-05-13 07:50 (-04),136,76,42%,57,21.03,10.53,256,133,,
2021-05-18,19:42,-04),30,Cycling,Music,30 min EDM Ride,2021-05-17 13:24 (-04),238,132,45%,73,28.73,14.37,293,134.31,,
2021-05-19,19:35,-04),30,Cycling,Music,30 min EDM Ride,2021-05-17 13:24 (-04),167,93,41%,70,24.04,12.02,291,143,,
2021-05-20,17:29,-04),30,Cycling,Music,30 min 2010s Ride,2021-05-05 10:00 (-04),162,90,44%,62,23.09,11.56,280,139,,
2021-05-22,13:31,-04),45,Cycling,Music,45 min Pop Ride,2021-03-27 06:55 (-04),239,89,44%,61,22.27,16.7,467,150,,
2021-05-24,18:49,-04),30,Cycling,Beginner,30 min Advanced Beginner Ride,2021-05-24 01:10 (-04),146,81,38%,68,22.64,11.33,245,131,,
2021-05-27,16:42,-04),30,Cycling,Music,30 min 2000s Pop Ride,2021-05-26 12:25 (-04),159,88,42%,60,22.53,11.27,246,,,
2021-06-14,19:39,-04),30,Cycling,Music,30 min 2010s Ride,2021-06-09 12:25 (-04),165,92,40%,54,22.34,11.17,306,147,,
2021-06-15,20:32,-04),30,Cycling,Music,30 min 2010s Ride,2021-06-11 08:55 (-04),154,86,38%,55,21.42,10.72,279,139,,
2021-06-19,20:31,-04),30,Cycling,Music,30 min 2010s Ride,2021-06-11 08:55 (-04),170,94,35%,67,23.79,11.89,300,145,,
2021-06-24,11:18,-04),20,Cycling,Music,20 min Pop Ride,2021-06-04 13:00 (-04),110,92,38%,58,22.93,7.64,189,142,,
2021-06-25,10:31,-04),20,Cycling,Music,20 min Pop Ride,2021-06-04 13:00 (-04),104,87,37%,59,23.01,7.68,181,137,,
2021-06-27,10:03,-04),20,Cycling,Music,20 min New Tracks Ride,2021-06-15 08:55 (-04),103,86,40%,53,22,7.34,167,132,,
2021-06-28,19:55,-04),20,Cycling,Music,20 min Hip Hop Ride,2021-06-23 14:55 (-04),101,84,37%,59,22.21,7.42,177,135,,
2021-08-17,14:39,-04),20,Cycling,Music,20 min 90s Pop Ride,2021-08-10 08:55 (-04),103,86,37%,56,22.39,7.47,200,144,,
2021-08-17,15:07,-04),20,Strength,Full Body,20 min Full Body Strength,2021-06-11 10:00 (-04),,,,,,,115,,,
2021-08-17,15:31,-04),5,Yoga,Restorative,5 min Savasana,2021-08-17 10:00 (-04),,,,,,,6,,,
2021-08-25,19:50,-04),30,Cycling,Music,30 min 2010s Ride,2021-08-16 13:25 (-04),161,90,38%,55,22.79,11.39,296,145,,
2021-09-02,10:32,-04),15,Cycling,Power Zone,15 min Intro to Power Zone Ride,2020-12-23 11:00 (-04),83,93,29%,76,24.91,6.23,129,,,
2021-09-02,10:51,-04),20,Cycling,Power Zone,20 min Power Zone Beginner Ride,2021-01-02 10:00 (-04),100,83,28%,74,23.54,7.85,209,149,,
2021-09-02,11:18,-04),15,Cycling,Power Zone,15 min Intro to Power Zone Ride,2020-12-23 11:00 (-04),69,77,28%,73,22.45,5.62,157,148,,
2021-09-02,11:36,-04),5,Cycling,Warm Up/Cool Down,5 min Cool Down Ride,2021-08-16 09:00 (-04),15,49,21%,78,18.52,1.56,43,136,,
2021-09-02,11:47,-04),10,Strength,Warm Up,10 min Full Body Strength Warm Up,2021-04-23 09:00 (-04),,,,,,,58,,,
2021-09-02,12:02,-04),30,Strength,Bodyweight,30 min Bodyweight Strength,2021-04-23 17:49 (-04),,,,,,,173,,,
2021-09-02,12:34,-04),10,Stretching,Full Body Stretch,10 min Full Body Stretch,2021-04-23 09:00 (-04),,,,,,,29,,,
2021-09-02,12:46,-04),10,Strength,Upper Body,10 min Arms & Shoulders Strength,2021-08-25 10:00 (-04),,,,,,,58,,,
2021-09-03,10:53,-04),10,Cycling,Power Zone,10 min FTP Warm Up Ride,2021-02-13 13:00 (-04),53,88,31%,68,23.24,3.88,96,141,,
2021-09-03,11:04,-04),20,Cycling,Power Zone,20 min FTP Test Ride,2021-02-27 15:00 (-04),112,93,31%,70,24,8,219,154,,
2021-09-03,11:30,-04),10,Strength,Warm Up,10 min Full Body Strength Warm Up,2021-04-23 09:00 (-04),,,,,,,58,,,
2021-09-12,11:36,-04),30,Cycling,Power Zone,30 min Power Zone Hip Hop Ride,2021-03-09 14:00 (-04),172,95,37%,60,24.22,12.12,296,143,,
2021-09-12,12:08,-04),5,Cycling,Warm Up/Cool Down,5 min Cool Down Ride,2021-08-16 09:00 (-04),18,61,21%,87,20.76,1.72,44,137,,
2021-09-12,12:18,-04),10,Strength,Warm Up,10 min Full Body Strength Warm Up,2021-04-23 09:00 (-04),,,,,,,58,,,
2021-09-12,12:31,-04),30,Strength,Bodyweight,30 min Bodyweight Strength,2021-04-23 09:00 (-04),,,,,,,173,,,
2021-09-12,13:22,-04),10,Stretching,Full Body Stretch,10 min Full Body Stretch,2021-04-23 09:00 (-04),,,,,,,29,,,
2021-09-14,6:57,-04),10,Strength,Warm Up,10 min Full Body Strength Warm Up,2021-04-23 09:00 (-04),,,,,,,58,,,
2021-09-14,7:08,-04),30,Strength,Bodyweight,30 min Bodyweight Strength,2021-04-23 09:00 (-04),,,,,,,173,,,
2021-09-14,7:41,-04),10,Stretching,Full Body Stretch,10 min Full Body Stretch,2021-04-23 09:00 (-04),,,,,,,29,,,
2021-09-26,20:05,-04),45,Cycling,Power Zone,45 min Power Zone Ride,2021-02-09 12:19 (-04),229,85,36%,75,23.06,17.3,483,151,,
2021-09-26,20:52,-04),5,Cycling,Warm Up/Cool Down,5 min Cool Down Ride,2021-09-20 09:00 (-04),19,62,28%,85,20.41,1.71,52,150,,
2021-09-26,21:01,-04),5,Stretching,Pre & Post-Ride Stretch,5 min Post-Ride Stretch,2021-05-21 09:00 (-04),,,,,,,14,,,
2021-09-26,21:08,-04),10,Strength,Warm Up,10 min Full Body Strength Warm Up,2021-04-23 09:00 (-04),,,,,,,58,,,
2021-12-20,8:32,-05),15,Cycling,Power Zone,15 min Intro to Power Zone Ride,2020-12-23 10:00 (-05),61,67,34%,74,21.5,5.38,114,124,,
2021-12-20,8:51,-05),20,Cycling,Power Zone,20 min Power Zone Beginner Ride,2021-01-02 09:00 (-05),74,62,33%,72,20.18,6.73,176,135,,
2021-12-20,9:13,-05),5,Cycling,Warm Up/Cool Down,5 min Cool Down Ride,2021-08-16 08:00 (-05),18,60,30%,81,20.25,1.69,45,138,,
2021-12-20,9:20,-05),5,Stretching,Pre & Post-Ride Stretch,5 min Post-Ride Stretch,2021-08-16 08:00 (-05),,,,,,,14,,,
2022-01-05,9:04,-05),15,Cycling,Power Zone,15 min Intro to Power Zone Ride,2020-12-23 10:00 (-05),73,82,35%,78,23.59,5.91,128,131,,
2022-01-05,9:23,-05),20,Cycling,Power Zone,20 min Power Zone Beginner Ride,2021-01-02 09:00 (-05),87,73,32%,83,22.45,7.48,193,142,,
2022-01-05,9:46,-05),5,Cycling,Warm Up/Cool Down,5 min Cool Down Ride,2021-08-16 08:00 (-05),17,55,30%,78,19.34,1.64,39,128,,
2022-01-05,9:53,-05),5,Stretching,Pre & Post-Ride Stretch,5 min Post-Ride Stretch,2021-08-16 08:00 (-05),,,,,,,14,,,
2022-01-05,10:23,-05),10,Strength,Warm Up,10 min Full Body Strength Warm Up,2021-04-23 08:00 (-05),,,,,,,58,,,
2022-01-05,10:34,-05),30,Strength,Bodyweight,30 min Bodyweight Strength,2021-04-23 16:49 (-05),,,,,,,173,,,
2022-01-06,9:59,-05),10,Cycling,Power Zone,10 min FTP Warm Up Ride,2021-02-13 12:00 (-05),45,74,32%,81,21.98,3.67,86,131,,
2022-01-06,10:11,-05),20,Cycling,Power Zone,20 min FTP Test Ride,2021-02-27 14:00 (-05),95,79,36%,74,23.11,7.71,211,150,,
2022-01-06,10:34,-05),5,Cycling,Warm Up/Cool Down,5 min Cool Down Ride,2021-09-20 08:00 (-05),13,44,28%,74,17.36,1.46,40,135,,
2022-01-06,10:56,-05),10,Stretching,Warm Up,10 min Strength-Focus Warm Up,2019-12-10 11:00 (-05),,,,,,,58,,,
2022-01-06,11:09,-05),30,Strength,Upper Body,30 min Upper Body Strength,2019-12-10 11:00 (-05),,,,,,,175,,,
2022-01-07,16:25,-05),30,Cycling,Power Zone,30 min Power Zone Endurance Ride,2021-03-09 13:00 (-05),120,67,32%,79,21.68,10.85,257,133,,
2022-01-07,17:00,-05),10,Stretching,Full Body Stretch,10 min Full Body Stretch,2021-04-23 08:00 (-05),,,,,,,29,,,
2022-01-07,17:39,-05),10,Stretching,Full Body Stretch,10 min Post-Strength Stretch,2019-12-10 11:10 (-05),,,,,,,29,,,
2022-01-07,17:52,-05),10,Stretching,Warm Up,10 min Strength-Focus Warm Up,2019-12-10 11:00 (-05),,,,,,,58,,,
2022-01-07,18:02,-05),30,Strength,Lower Body,30 min Lower Body Strength,2019-12-10 11:10 (-05),,,,,,,172,,,
2022-01-07,18:33,-05),10,Stretching,Full Body Stretch,10 min Post-Strength Stretch,2019-12-10 11:10 (-05),,,,,,,29,,,
2022-01-08,12:14,-05),20,Cycling,Low Impact,20 min Low Impact Ride,2021-01-30 14:30 (-05),78,65,34%,73,21.57,7.19,165,129,,
2022-01-08,12:46,-05),10,Stretching,Warm Up,10 min Strength-Focus Warm Up,2019-12-10 11:00 (-05),,,,,,,58,,,
2022-01-08,13:04,-05),30,Strength,Full Body,30 min Full Body Strength,2019-12-10 11:20 (-05),,,,,,,173,,,
2022-01-08,13:39,-05),10,Stretching,Full Body Stretch,10 min Post-Strength Stretch,2019-12-10 11:10 (-05),,,,,,,29,,,
2022-01-10,8:54,-05),30,Cycling,Power Zone,30 min Power Zone Endurance Ride,2021-02-12 11:25 (-05),132,73,31%,84,22.47,11.23,309,148,,
2022-01-10,9:27,-05),5,Strength,Full Body,5 min Strength Test Week 1,2019-12-10 11:30 (-05),,,,,,,29,,,
2022-01-12,8:34,-05),30,Cycling,Power Zone,30 min Power Zone Hip Hop Ride,2021-03-09 13:00 (-05),131,73,30%,86,22.31,11.15,299,145,,
2022-01-12,9:08,-05),10,Stretching,Warm Up,10 min Strength-Focus Warm Up,2019-12-10 11:00 (-05),,,,,,,,,,
2022-01-12,9:09,-05),30,Strength,Upper Body,30 min Upper Body Strength,2019-12-10 11:40 (-05),,,,,,,173,,,
2022-01-12,9:42,-05),10,Stretching,Full Body Stretch,10 min Post-Strength Stretch,2019-12-10 11:10 (-05),,,,,,,29,,,
2022-01-14,10:29,-05),45,Cycling,Power Zone,45 min Power Zone Endurance Ride,2021-02-06 11:45 (-05),188,70,30%,90,21.9,16.42,470,149,,
2022-01-14,11:19,-05),20,Cycling,Power Zone,20 min FTP Test Ride,2021-02-27 14:00 (-05),112,93,37%,80,25.12,8.37,253,168,,
2022-01-14,12:01,-05),10,Stretching,Warm Up,10 min Strength-Focus Warm Up,2019-12-10 11:00 (-05),,,,,,,58,,,
2022-01-14,12:14,-05),30,Strength,Lower Body,30 min Lower Body Strength,2019-12-10 11:50 (-05),,,,,,,173,,,
2022-01-14,12:53,-05),10,Stretching,Full Body Stretch,10 min Post-Strength Stretch,2019-12-10 11:10 (-05),,,,,,,29,,,
2022-01-15,14:16,-05),30,Cycling,Power Zone,30 min Power Zone Endurance Ride,2021-02-05 11:24 (-05),130,72,31%,89,22.37,11.18,304,146,,
2022-01-15,15:00,EDT),10,Stretching,Warm Up,10 min Strength-Focus Warm Up,2019-12-10 11:00 (EDT),,,,,,,77,126.29,,
2022-01-15,15:12,EDT),30,Strength,Full Body,30 min Full Body Strength,2019-12-10 12:00 (EDT),,,,,,,251,132.43,,
2022-01-15,15:47,EDT),10,Stretching,Full Body Stretch,10 min Post-Strength Stretch,2019-12-10 11:10 (EDT),,,,,,,54,106.11,,
2022-01-18,18:39,-05),45,Cycling,Power Zone,45 min Power Zone Endurance Ride,2021-03-03 05:52 (-05),167,62,29%,84,20.41,15.32,401,136,,
2022-01-20,10:48,-05),30,Cycling,Power Zone,30 min Power Zone Ride,2021-02-10 07:50 (-05),132,73,30%,87,22.16,11.09,279,139,,
2022-01-20,11:36,-05),10,Stretching,Warm Up,10 min Strength-Focus Warm Up,2019-12-10 11:00 (-05),,,,,,,58,,,
2022-01-20,11:47,-05),30,Strength,Full Body,30 min Full Body Strength,2019-12-10 12:10 (-05),,,,,,,173,,,
2022-01-20,12:43,-05),10,Stretching,Full Body Stretch,10 min Post-Strength Stretch,2019-12-10 11:10 (-05),,,,,,,0,,,
2022-01-20,12:43,-05),10,Stretching,Warm Up,10 min Strength-Focus Warm Up,2019-12-10 11:00 (-05),,,,,,,,,,
2022-01-20,12:45,-05),30,Strength,Upper Body,30 min Upper Body Strength,2019-12-10 12:20 (-05),,,,,,,171,,,
2022-01-20,13:17,-05),10,Stretching,Full Body Stretch,10 min Post-Strength Stretch,2019-12-10 11:10 (-05),,,,,,,29,,,
2022-01-23,13:22,-05),45,Cycling,Power Zone,45 min Power Zone Ride,2021-02-03 05:52 (-05),210,78,32%,87,23.01,17.27,483,152,,
2022-01-23,14:22,-05),10,Stretching,Warm Up,10 min Strength-Focus Warm Up,2019-12-10 11:00 (-05),,,,,,,58,,,
2022-01-23,14:36,-05),30,Strength,Lower Body,30 min Lower Body Strength,2019-12-10 12:30 (-05),,,,,,,173,,,
2022-01-23,15:09,-05),10,Stretching,Full Body Stretch,10 min Post-Strength Stretch,2019-12-10 11:10 (-05),,,,,,,29,,,
2022-01-23,15:20,-05),10,Stretching,Warm Up,10 min Strength-Focus Warm Up,2019-12-10 11:00 (-05),,,,,,,1,,,
2022-01-23,15:21,-05),30,Strength,Full Body,30 min Full Body Complexes,2019-12-10 12:40 (-05),,,,,,,173,,,
2022-01-23,15:54,-05),10,Stretching,Full Body Stretch,10 min Post-Strength Stretch,2019-12-10 11:10 (-05),,,,,,,29,,,
2022-01-24,12:07,-05),30,Cycling,Power Zone,30 min Power Zone Endurance 80s Ride,2021-02-16 07:53 (-05),128,71,30%,89,22.34,11.17,247,130,,
2022-01-27,10:52,-05),45,Cycling,Power Zone,45 min Power Zone Ride,2021-02-09 11:19 (-05),211,78,32%,87,23.01,17.27,478,151,,
2022-01-27,11:42,-05),10,Stretching,Warm Up,10 min Strength-Focus Warm Up,2019-12-10 11:00 (-05),,,,,,,0,,,
2022-01-27,11:43,-05),30,Strength,Full Body,30 min Full Body Strength,2019-12-10 12:50 (-05),,,,,,,173,,,
2022-01-27,12:15,-05),10,Stretching,Full Body Stretch,10 min Post-Strength Stretch,2019-12-10 11:10 (-05),,,,,,,29,,,
2022-01-29,11:41,-05),45,Cycling,Power Zone,45 min Power Zone Ride,2021-02-09 07:53 (-05),212,79,32%,86,23.17,17.38,462,148,,
2022-01-29,12:32,-05),10,Stretching,Warm Up,10 min Strength-Focus Warm Up,2019-12-10 11:00 (-05),,,,,,,,,,
2022-01-29,12:32,-05),30,Strength,Upper Body,30 min Upper Body Strength,2019-12-10 13:00 (-05),,,,,,,173,,,
2022-01-29,13:04,-05),10,Stretching,Full Body Stretch,10 min Post-Strength Stretch,2019-12-10 11:10 (-05),,,,,,,,,,
2022-01-29,13:04,-05),10,Stretching,Warm Up,10 min Strength-Focus Warm Up,2019-12-10 11:00 (-05),,,,,,,,,,
2022-01-29,13:05,-05),30,Strength,Lower Body,30 min Lower Body Strength,2019-12-10 13:10 (-05),,,,,,,173,,,
2022-01-29,13:37,-05),10,Stretching,Full Body Stretch,10 min Post-Strength Stretch,2019-12-10 11:10 (-05),,,,,,,29,,,
2022-01-30,12:07,-05),30,Cycling,Power Zone,30 min Power Zone Endurance Ride,2021-02-22 17:00 (-05),0,0,0%,0,0,0,0,,,
2022-01-30,12:11,-05),60,Cycling,Power Zone,60 min Power Zone Endurance Ride,2021-01-30 07:52 (-05),251,70,31%,86,22.21,22.21,597,145,,
2022-01-30,13:17,-05),10,Stretching,Warm Up,10 min Strength-Focus Warm Up,2019-12-10 11:00 (-05),,,,,,,58,,,
2022-01-30,13:28,-05),30,Strength,Full Body,30 min Full Body Complexes,2019-12-10 13:20 (-05),,,,,,,173,,,
2022-01-30,14:05,-05),10,Stretching,Full Body Stretch,10 min Post-Strength Stretch,2019-12-10 11:10 (-05),,,,,,,29,,,
2022-02-01,12:14,-05),30,Cycling,Power Zone,30 min Power Zone Endurance Ride,2021-02-22 17:00 (-05),135,75,30%,90,22.97,11.49,259,134,,
2022-02-01,12:47,-05),10,Stretching,Warm Up,10 min Strength-Focus Warm Up,2019-12-10 11:00 (-05),,,,,,,2,,,
2022-02-01,12:47,-05),5,Strength,Full Body,5 min Strength Test Week 4,2019-12-10 13:30 (-05),,,,,,,29,,,
2022-02-01,12:54,-05),10,Stretching,Full Body Stretch,10 min Post-Strength Stretch,2019-12-10 11:10 (-05),,,,,,,24,,,
2022-02-01,16:20,-05),30,Cycling,Theme,30 min AT's Ride to Greatness,2022-01-31 18:26 (-05),4,72,29%,94,22.66,0.32,4,103.85,,
2022-02-02,17:15,-05),45,Cycling,Power Zone,45 min Power Zone Endurance Ride,2021-02-23 07:52 (-05),197,73,32%,85,22.64,16.99,410,138,,
2022-02-02,18:07,-05),5,Strength,Full Body,5 min Strength Test Week 4,2019-12-10 13:30 (-05),,,,,,,29,,,
2022-02-07,9:20,-05),45,Cycling,Power Zone,45 min Power Zone Endurance Ride,2021-02-23 07:52 (-05),227,84,34%,83,23.91,17.93,476,150,,
2022-02-10,16:08,-05),45,Cycling,Power Zone,45 min Power Zone Endurance Ride,2021-02-23 07:52 (-05),219,81,33%,86,23.63,17.72,475,151,,
2022-02-11,10:28,-05),45,Cycling,Power Zone,45 min Power Zone Endurance Ride,2021-04-23 08:00 (-05),1,26,21%,69,12.89,0.1,2,96,,
2022-02-11,10:30,-05),20,Cycling,Power Zone,20 min FTP Test Ride,2021-02-27 14:00 (-05),112,93,33%,89,24.61,8.21,193,144,,
2022-02-11,10:54,-05),45,Cycling,Power Zone,45 min Power Zone Endurance Ride,2021-04-23 08:00 (-05),178,66,30%,86,21.6,16.21,456,147,,
2022-02-12,11:56,-05),45,Cycling,Power Zone,45 min Power Zone Endurance Ride,2021-04-23 08:00 (-05),213,79,31%,89,23.4,17.56,474,151,,
2022-02-12,12:44,-05),10,Strength,Warm Up,10 min Warm Up,2021-12-20 10:00 (-05),,,,,,,56,,,
2022-02-12,12:56,-05),30,Strength,Full Body,30 min Full Body Strength,2021-12-20 10:00 (-05),,,,,,,168,,,
2022-02-12,13:29,-05),10,Stretching,Full Body Stretch,10 min Stretch,2021-12-20 10:00 (-05),,,,,,,28,,,
2022-02-15,16:42,-05),60,Cycling,Power Zone,60 min Power Zone Endurance Ride,2021-04-23 08:00 (-05),288,80,31%,89,23.53,23.53,556,140,,
2022-02-15,17:46,-05),10,Strength,Warm Up,10 min Warm Up,2021-12-20 10:00 (-05),,,,,,,0,,,
2022-02-15,17:47,-05),30,Strength,Full Body,30 min Full Body Strength,2021-12-20 10:00 (-05),,,,,,,168,,,
2022-02-15,18:19,-05),10,Stretching,Full Body Stretch,10 min Stretch,2021-12-20 10:00 (-05),,,,,,,28,,,
2022-02-17,17:00,-05),20,Cycling,Power Zone,20 min FTP Test Ride,2021-02-27 14:00 (-05),116,96,37%,80,25.41,8.47,179,136,,
2022-02-17,17:24,-05),10,Strength,Warm Up,10 min Warm Up,2021-12-20 10:00 (-05),,,,,,,11,,,
2022-02-17,17:27,-05),45,Strength,Full Body,45 min Full Body Strength,2021-12-20 10:00 (-05),,,,,,,252,,,
2022-02-17,18:13,-05),10,Stretching,Full Body Stretch,10 min Stretch,2021-12-20 10:00 (-05),,,,,,,28,,,
2022-02-19,13:37,-05),45,Cycling,Power Zone,45 min Power Zone Ride,2021-04-23 08:00 (-05),216,80,33%,84,23.43,17.57,467,149,,
2022-02-19,14:27,-05),10,Strength,Warm Up,10 min Warm Up,2021-12-20 10:00 (-05),,,,,,,2,,,
2022-02-19,14:27,-05),30,Strength,Full Body,30 min Full Body Strength,2021-12-20 10:00 (-05),,,,,,,168,,,
2022-02-19,15:12,-05),10,Stretching,Full Body Stretch,10 min Stretch,2021-12-20 10:00 (-05),,,,,,,23,,,
2022-02-21,10:57,-05),45,Cycling,Power Zone,45 min Power Zone Endurance Ride,2021-04-23 02:56 (-05),0,0,0%,0,0,0,0,,,
2022-02-21,10:58,-05),60,Cycling,Power Zone,60 min Power Zone Endurance Ride,2021-04-23 08:00 (-05),286,79,34%,87,23.46,23.48,610,148,,
2022-02-21,12:09,-05),5,Cycling,,5 min Lanebreak Ride,,20,66,34%,86,21.58,1.8,30,,,
2022-02-21,12:20,-05),10,Strength,Warm Up,10 min Warm Up,2021-12-20 10:00 (-05),,,,,,,56,,,
2022-02-21,12:30,-05),30,Strength,Full Body,30 min Full Body Strength,2021-12-20 10:00 (-05),,,,,,,168,,,
2022-02-21,13:06,-05),10,Stretching,Full Body Stretch,10 min Stretch,2021-12-20 10:00 (-05),,,,,,,28,,,
2022-02-23,12:06,-05),45,Cycling,Power Zone,45 min Power Zone Endurance Ride,2021-04-23 02:56 (-05),222,82,34%,91,23.82,17.86,413,139,,
2022-02-23,12:55,-05),10,Strength,Warm Up,10 min Warm Up,2021-12-20 10:00 (-05),,,,,,,56,,,
2022-02-23,13:08,-05),45,Strength,Full Body,45 min Full Body Strength,2021-12-20 10:00 (-05),,,,,,,252,,,
2022-02-23,13:55,-05),10,Stretching,Full Body Stretch,10 min Stretch,2021-12-20 10:00 (-05),,,,,,,28,,,
2022-02-25,11:09,-05),45,Cycling,Power Zone,45 min Power Zone Ride,2021-04-23 02:30 (-05),216,80,34%,89,23.4,17.56,415,140,,
2022-02-25,12:01,-05),20,Cycling,Power Zone,20 min FTP Test Ride,2021-02-27 14:00 (-05),114,95,38%,86,25.17,8.4,202,147,,
2022-02-25,12:26,-05),10,Strength,Warm Up,10 min Warm Up,2021-12-20 10:00 (-05),,,,,,,56,,,
2022-02-25,12:37,-05),45,Strength,Full Body,45 min Full Body Strength,2021-12-20 10:00 (-05),,,,,,,252,,,
2022-02-25,13:24,-05),10,Stretching,Full Body Stretch,10 min Stretch,2021-12-20 10:00 (-05),,,,,,,28,,,
2022-02-27,13:11,-05),45,Cycling,Power Zone,45 min Power Zone Ride,2021-04-23 08:00 (-05),219,81,33%,94,23.51,17.64,461,149,,
2022-02-27,14:03,-05),10,Strength,Warm Up,10 min Warm Up,2021-12-20 10:00 (-05),,,,,,,3,,,
2022-02-27,14:06,-05),45,Strength,Full Body,45 min Full Body Strength,2021-12-20 10:00 (-05),,,,,,,252,,,
2022-02-27,14:53,-05),10,Stretching,Full Body Stretch,10 min Stretch,2021-12-20 10:00 (-05),,,,,,,28,,,
2022-03-01,10:32,-05),60,Cycling,Power Zone,60 min Power Zone Endurance Ride,2021-04-23 08:00 (-05),310,86,36%,88,24.19,24.19,613,148,,
2022-03-01,11:36,-05),10,Strength,Warm Up,10 min Warm Up,2021-12-20 10:00 (-05),,,,,,,43,,,
2022-03-01,11:44,-05),30,Strength,Full Body,30 min Full Body Strength,2021-12-20 10:00 (-05),,,,,,,168,,,
2022-03-01,12:19,-05),10,Stretching,Full Body Stretch,10 min Stretch,2021-12-20 10:00 (-05),,,,,,,28,,,
2022-03-04,17:31,-05),10,Strength,Warm Up,10 min Warm Up,2021-12-20 10:00 (-05),,,,,,,0,,,
2022-03-04,17:32,-05),45,Strength,Full Body,45 min Full Body Strength,2021-12-20 10:00 (-05),,,,,,,,,,
2022-03-04,17:32,-05),10,Stretching,Full Body Stretch,10 min Stretch,2021-12-20 10:00 (-05),,,,,,,0,,,
2022-03-04,17:32,-05),10,Strength,Warm Up,10 min Warm Up,2021-12-20 10:00 (-05),,,,,,,0,,,
2022-03-04,17:32,-05),30,Strength,Full Body,30 min Full Body Strength,2021-12-20 10:00 (-05),,,,,,,,,,
2022-03-04,17:33,-05),10,Stretching,Full Body Stretch,10 min Stretch,2021-12-20 10:00 (-05),,,,,,,28,,,
2022-03-05,11:00,-05),45,Cycling,Power Zone,45 min Power Zone Max Ride,2021-04-16 09:03 (-05),233,86,35%,86,23.71,17.78,454,147,,
2022-03-05,11:49,-05),10,Strength,Warm Up,10 min Warm Up,2021-12-20 10:00 (-05),,,,,,,56,,,
2022-03-05,12:00,-05),45,Strength,Full Body,45 min Full Body Strength,2021-12-20 10:00 (-05),,,,,,,252,,,
2022-03-06,12:32,-05),45,Cycling,Power Zone,45 min Power Zone Ride,2021-04-23 08:00 (-05),250,93,40%,79,24.98,18.72,454,144,,
2022-03-06,13:28,-05),10,Strength,Warm Up,10 min Warm Up,2021-12-20 10:00 (-05),,,,,,,56,,,
2022-03-06,13:40,-05),30,Strength,Full Body,30 min Full Body Strength,2021-12-20 10:00 (-05),,,,,,,168,,,
2022-03-08,19:52,-05),60,Cycling,Power Zone,60 min Power Zone Ride,2021-04-23 02:56 (-05),282,78,37%,78,22.82,22.82,521,135,,
2022-03-08,20:57,-05),10,Strength,Warm Up,10 min Warm Up,2021-12-20 10:00 (-05),,,,,,,36,,,
2022-03-08,21:04,-05),45,Strength,Full Body,45 min Full Body Strength,2021-12-20 10:00 (-05),,,,,,,6,,,
2022-03-12,10:13,-05),45,Cycling,Power Zone,45 min Power Zone Endurance Ride,2021-04-23 08:00 (-05),214,79,35%,84,23.25,17.45,374,132,,
2022-03-12,11:07,-05),10,Strength,Warm Up,10 min Warm Up,2021-12-20 10:00 (-05),,,,,,,3,,,
2022-03-12,11:09,-05),45,Strength,Full Body,45 min Full Body Strength,2021-12-20 10:00 (-05),,,,,,,252,,,
2022-03-12,11:55,-05),10,Stretching,Full Body Stretch,10 min Stretch,2021-12-20 10:00 (-05),,,,,,,0,,,
2022-03-12,11:55,-05),10,Strength,Warm Up,10 min Warm Up,2021-12-20 10:00 (-05),,,,,,,0,,,
2022-03-12,11:56,-05),30,Strength,Full Body,30 min Full Body Strength,2021-12-20 10:00 (-05),,,,,,,168,,,
2022-03-12,12:28,-05),10,Stretching,Full Body Stretch,10 min Stretch,2021-12-20 10:00 (-05),,,,,,,28,,,
2022-03-13,14:11,-04),45,Cycling,Power Zone,45 min Power Zone Endurance Ride,2021-04-23 09:00 (-04),199,74,34%,86,22.61,16.96,408,139,,
2022-03-13,15:03,-04),10,Cycling,Power Zone,10 min FTP Warm Up Ride,2021-04-23 09:00 (-04),0,0,22%,0,0,0,0,,,
2022-03-13,15:04,-04),20,Cycling,Power Zone,20 min FTP Test Ride,2021-02-27 15:00 (-04),100,84,36%,84,23.46,7.84,172,136,,
2022-03-13,15:40,-04),10,Strength,Warm Up,10 min Warm Up,2021-12-20 11:00 (-04),,,,,,,56,,,
2022-03-13,15:50,-04),45,Strength,Full Body,45 min Full Body Strength,2021-12-20 11:00 (-04),,,,,,,252,,,
2022-03-13,16:38,-04),10,Stretching,Full Body Stretch,10 min Stretch,2021-12-20 11:00 (-04),,,,,,,28,,,
2022-03-15,12:08,-04),10,Cycling,Power Zone,10 min FTP Warm Up Ride,2021-04-23 09:00 (-04),45,75,34%,87,22.76,3.8,76,127,,
2022-03-15,12:19,-04),20,Cycling,Power Zone,20 min FTP Test Ride,2021-04-23 09:00 (-04),121,100,39%,85,26.06,8.69,195,145,,
2022-03-15,12:45,-04),10,Strength,Warm Up,10 min Warm Up,2021-12-20 11:00 (-04),,,,,,,56,,,
2022-03-15,12:56,-04),30,Strength,Full Body,30 min Full Body Strength,2021-12-20 11:00 (-04),,,,,,,168,,,
2022-03-15,13:33,-04),10,Stretching,Full Body Stretch,10 min Stretch,2021-12-20 11:00 (-04),,,,,,,28,,,
2022-03-18,12:56,-04),20,Cycling,Power Zone,20 min FTP Test Ride,2021-04-23 09:00 (-04),120,100,38%,89,25.73,8.58,188,140,,
2022-03-18,13:41,-04),45,Strength,Full Body,45 min Full Body Strength,2021-12-20 11:00 (-04),,,,,,,252,,,
2022-03-18,14:39,-04),30,Strength,Full Body,30 min Full Body Strength,2021-12-20 11:00 (-04),,,,,,,168,,,
2022-03-19,13:07,-04),45,Cycling,Power Zone,45 min Power Zone Endurance Ride,2021-04-23 09:00 (-04),214,79,35%,85,23.42,17.57,398,136,,
2022-03-19,13:55,-04),10,Strength,Warm Up,10 min Warm Up,2021-12-20 11:00 (-04),,,,,,,56,,,
2022-03-19,14:06,-04),45,Strength,Full Body,45 min Full Body Strength,2021-12-20 11:00 (-04),,,,,,,363,130.23,,
2022-03-19,14:59,-04),10,Stretching,Full Body Stretch,10 min Stretch,2021-12-20 11:00 (-04),,,,,,,28,,,
2022-03-28,9:29,-04),45,Cycling,Power Zone,45 min Power Zone Ride,2021-04-23 09:00 (-04),179,66,32%,87,21.52,16.14,305,119,,
2022-03-28,10:24,-04),10,Strength,Warm Up,10 min Strength-Focus Warm Up,2019-12-10 12:00 (-04),,,,,,,56,,,
2022-03-28,10:43,-04),30,Strength,Upper Body,30 min Upper Body Strength,2019-12-10 12:00 (-04),,,,,,,170,,,
2022-03-28,11:21,-04),10,Stretching,Full Body Stretch,10 min Post-Strength Stretch,2019-12-10 12:10 (-04),,,,,,,28,,,